placeId,address,category,phone,googleUrl,bizWebsite,storeName,ratingText,stars,numberOfReviews
place,"Jl. Prajurit KKO Usman dan Harun No.42 1, RT.1/RW.5Tutup ⋅ Buka Sen pukul 08.00","Kantor Perwakilan Bank Indonesia Provinsi DKI Jakarta  4,4(241)Bank",(021) 3453494,https://www.google.com/maps/place/Kantor+Perwakilan+Bank+Indonesia+Provinsi+DKI+Jakarta/data=!4m7!3m6!1s0x2e69f436a62c8bf5:0xb65bab7742b88ed6!8m2!3d-6.1804137!4d106.8358231!16s%2Fg%2F11bw472qq7!19sChIJ9Ysspjb0aS4R1o64QnerW7Y?authuser=0&hl=id&rclk=1,,Kantor Perwakilan Bank Indonesia Provinsi DKI Jakarta,4.4(241),,
place,"Jl. Petojo Binatu II No.20B, RT.4/RW.8Tutup ⋅ Buka Sen pukul 08.30","Bank DKI  4,2(97)Bank",(021) 80655555,https://www.google.com/maps/place/Bank+DKI/data=!4m7!3m6!1s0x2e69f678c0648df5:0xf7215548d49e363f!8m2!3d-6.1693771!4d106.8185951!16s%2Fg%2F11b6t3ltzr!19sChIJ9Y1kwHj2aS4RPzae1EhVIfc?authuser=0&hl=id&rclk=1,,Bank DKI,4.2(97),,
place,"Jl. Kebon Sirih No.72-74, RT.2/RW.3Tutup ⋅ Buka Sen pukul 07.30","Bank Indonesia, Gedung Arsek-Tipikal  4,6(77)Kantor Pemerintah Negara Bagian",(021) 29818000,"https://www.google.com/maps/place/Bank+Indonesia,+Gedung+Arsek-Tipikal/data=!4m7!3m6!1s0x2e69f4299dd8e2a9:0x634252acaf95daef!8m2!3d-6.1826545!4d106.8206391!16s%2Fg%2F11c2pzk3bc!19sChIJqeLYnSn0aS4R79qVr6xSQmM?authuser=0&hl=id&rclk=1",,"Bank Indonesia, Gedung Arsek-Tipikal",4.6(77),,
place,Jl. Tiang Bendera III No.26-32Tutup ⋅ Buka Sen pukul 07.30,"Bank Jasa Jakarta - Kantor Pusat  4,3(22)Bank",(021) 6902611,https://www.google.com/maps/place/Bank+Jasa+Jakarta+-+Kantor+Pusat/data=!4m7!3m6!1s0x2e69f6027ed75911:0xc784fd50061fc967!8m2!3d-6.1362772!4d106.8093805!16s%2Fg%2F11r8_06yx!19sChIJEVnXfgL2aS4RZ8kfBlD9hMc?authuser=0&hl=id&rclk=1,,Bank Jasa Jakarta - Kantor Pusat,4.3(22),,
place,Jl. Gajah Mada No.27E-FTutup ⋅ Buka Sen pukul 07.30,"Bank Jasa Jakarta  5,0(1)Bank",(021) 6332668,https://www.google.com/maps/place/Bank+Jasa+Jakarta/data=!4m7!3m6!1s0x2e69f609b12b0b4d:0x307a3df85bb4db2f!8m2!3d-6.1591079!4d106.818421!16s%2Fg%2F11r9cbtrm!19sChIJTQsrsQn2aS4RL9u0W_g9ejA?authuser=0&hl=id&rclk=1,,Bank Jasa Jakarta,5.0(1),,
place,Pertokoan Glodok Plaza Blok H No. 37-38Tutup ⋅ Buka Sen pukul 08.30,Bank Jasa Jakarta  Tidak ada ulasanBank,(021) 6280202,https://www.google.com/maps/place/Bank+Jasa+Jakarta/data=!4m7!3m6!1s0x2e69f60773b8bc73:0xb7accbdd3b8f9959!8m2!3d-6.142912!4d106.8169493!16s%2Fg%2F1q62k_xn8!19sChIJc7y4cwf2aS4RWZmPO93LrLc?authuser=0&hl=id&rclk=1,,Bank Jasa Jakarta,Tidak ada ulasan,,
place,"Gedung Samporna Strategic Square Lt. Mezzanine, Jl. Jend. Sudirman Kav. 45-46, Karet Semanggi, Setiabudi, RT.3/RW.4Tutup ⋅ Buka Sen pukul 08.00","Bank Mandiri Jakarta Gedung Sampoerna Strategic  4,9(65)Bank",(021) 57952108,https://www.google.com/maps/place/Bank+Mandiri+Jakarta+Gedung+Sampoerna+Strategic/data=!4m7!3m6!1s0x2e69f154d5a28c97:0x9a8b1ed1fe5c5935!8m2!3d-6.2167773!4d106.8181787!16s%2Fg%2F1pzrckpq1!19sChIJl4yi1VTxaS4RNVlc_tEei5o?authuser=0&hl=id&rclk=1,,Bank Mandiri Jakarta Gedung Sampoerna Strategic,4.9(65),,
place,"Gedung Prasada Sasana Karya, Jl. Suryopranoto No.8 4, RT.1/RW.8Tutup ⋅ Buka Sen pukul 08.00","Bank DKI  4,2(5)Bank",,https://www.google.com/maps/place/Bank+DKI/data=!4m7!3m6!1s0x2e69f7c679d441a7:0x6685d4b173ce35e5!8m2!3d-6.1695711!4d106.8180872!16s%2Fg%2F11q88trkby!19sChIJp0HUecb3aS4R5TXOc7HUhWY?authuser=0&hl=id&rclk=1,,Bank DKI,4.2(5),,
place,Jl. Matraman Raya No.52 Lt.3Tutup ⋅ Buka Sen pukul 08.00,"PT Bank Danamon Indonesia, Tbk - Kanwil I DKI Jakarta  4,3(86)Bank",1 500 090,"https://www.google.com/maps/place/PT+Bank+Danamon+Indonesia,+Tbk+-+Kanwil+I+DKI+Jakarta/data=!4m7!3m6!1s0x2e69f46451bbf82f:0xcc523d70f354ecdb!8m2!3d-6.2033468!4d106.8565111!16s%2Fg%2F11f_j9jcgb!19sChIJL_i7UWT0aS4R2-xU83A9Usw?authuser=0&hl=id&rclk=1",,"PT Bank Danamon Indonesia, Tbk - Kanwil I DKI Jakarta",4.3(86),,
place,"Wisma Bisnis Indonesia, Jl. K.H. Mas Mansyur No.12 A, RT.10/RW.6Tutup ⋅ Buka Sen pukul 08.00","Bank Mandiri Jakarta Wisma Bisnis Indonesia  4,5(8)Bank",(021) 5900645,https://www.google.com/maps/place/Bank+Mandiri+Jakarta+Wisma+Bisnis+Indonesia/data=!4m7!3m6!1s0x2e69f6a7e8e80957:0x9245d7e49d2a7569!8m2!3d-6.2060202!4d106.815871!16s%2Fg%2F1tcy_0j3!19sChIJVwno6Kf2aS4RaXUqneTXRZI?authuser=0&hl=id&rclk=1,,Bank Mandiri Jakarta Wisma Bisnis Indonesia,4.5(8),,
place,"Jl. M.H. Thamrin No.2, RT.2/RW.3Tutup ⋅ Buka Sen pukul 08.00","Bank Indonesia Kebon Sirih  4,1(43)Bank Sentral",(021) 1500131,https://www.google.com/maps/place/Bank+Indonesia+Kebon+Sirih/data=!4m7!3m6!1s0x2e69f429939c472d:0x1c9b6fe6a5d7a5ad!8m2!3d-6.1825002!4d106.8195564!16s%2Fg%2F11fzf5zyqp!19sChIJLUeckyn0aS4RraXXpeZvmxw?authuser=0&hl=id&rclk=1,,Bank Indonesia Kebon Sirih,4.1(43),,
place,"Jl. M. Ikhwan Ridwan Rais No.10-18 14, RT.14/RW.2Tutup ⋅ Buka Sen pukul 08.00","Bank Mandiri Jakarta Wisma Alia  4,6(103)Bank",(021) 2311533,https://www.google.com/maps/place/Bank+Mandiri+Jakarta+Wisma+Alia/data=!4m7!3m6!1s0x2e69f4319b8c857f:0xb00617dac3baa704!8m2!3d-6.1820952!4d106.8325626!16s%2Fg%2F1q67g1964!19sChIJf4WMmzH0aS4RBKe6w9oXBrA?authuser=0&hl=id&rclk=1,,Bank Mandiri Jakarta Wisma Alia,4.6(103),,
place,"Jl. Medan Merdeka Sel. No.8, RT.11/RW.9Tutup ⋅ Buka Sen pukul 08.30","Bank DKI KCU Balaikota  4,5(97)Bank",(021) 2313306,https://www.google.com/maps/place/Bank+DKI+KCU+Balaikota/data=!4m7!3m6!1s0x2e69f42c2ffbdf65:0xbc1f389d96d3ad5!8m2!3d-6.1810379!4d106.8280325!16s%2Fg%2F1hc10cy17!19sChIJZd_7Lyz0aS4R1Tpt2YnzwQs?authuser=0&hl=id&rclk=1,,Bank DKI KCU Balaikota,4.5(97),,
place,"Jl. Tanah Abang I No. 1, Kel. Petojo Selatan, Kec. Gambir, RT.14/RW.8Tutup ⋅ Buka Sen pukul 08.00","Bank DKI KCP Walikota Jakarta Pusat  4,8(27)Bank",(021) 3521460,https://www.google.com/maps/place/Bank+DKI+KCP+Walikota+Jakarta+Pusat/data=!4m7!3m6!1s0x2e69f5d5ef994823:0xff300fba732b7c44!8m2!3d-6.17357!4d106.8185724!16s%2Fg%2F1hc29b0y3!19sChIJI0iZ79X1aS4RRHwrc7oPMP8?authuser=0&hl=id&rclk=1,,Bank DKI KCP Walikota Jakarta Pusat,4.8(27),,
place,"Jl. Ir. H. Juanda 3 No.7 9, RT.7/RW.2Tutup ⋅ Buka Sen pukul 08.00","Bank DKI  3,4(238)Bank",(021) 2314567,https://www.google.com/maps/place/Bank+DKI/data=!4m7!3m6!1s0x2e69f5d0ad7aba45:0x8ad3918f060aff6f!8m2!3d-6.1656582!4d106.8232339!16s%2Fg%2F1tdjtfpj!19sChIJRbp6rdD1aS4Rb_8KBo-R04o?authuser=0&hl=id&rclk=1,,Bank DKI,3.4(238),,
place,"Jl. Thamrin Boulevard No.A12, RT.3/RW.8Tutup ⋅ Buka Sen pukul 08.00","Amar Bank  4,6(7.507)Bank",(021) 40005859,https://www.google.com/maps/place/Amar+Bank/data=!4m7!3m6!1s0x2e69f6a02262c1ff:0x845a7389eaddde15!8m2!3d-6.1980072!4d106.8170215!16s%2Fg%2F11bwql6bzw!19sChIJ_8FiIqD2aS4RFd7d6olzWoQ?authuser=0&hl=id&rclk=1,,Amar Bank,4.6(7.507),,
place,"Jl. M.H. Thamrin No.1 Store 16 - 17, RT.1/RW.5Tutup ⋅ Buka Sen pukul 09.00","Bank Mandiri  4,6(157)Bank",(021) 23580830,https://www.google.com/maps/place/Bank+Mandiri/data=!4m7!3m6!1s0x2e69f421c2730447:0x4ecc1fa19904f1fe!8m2!3d-6.1946606!4d106.8216488!16s%2Fg%2F1td0jtpl!19sChIJRwRzwiH0aS4R_vEEmaEfzE4?authuser=0&hl=id&rclk=1,,Bank Mandiri,4.6(157),,
place,"6, Jl. Cut Mutia No.16, RT.4/RW.2(021) 3927781","Bank Mandiri  4,7(124)Bank",,https://www.google.com/maps/place/Bank+Mandiri/data=!4m7!3m6!1s0x2e69f43a0bea5a3b:0xa2d091f57ac8cc69!8m2!3d-6.18685!4d106.834059!16s%2Fg%2F11dx8nk33x!19sChIJO1rqCzr0aS4RaczIevWR0KI?authuser=0&hl=id&rclk=1,,Bank Mandiri,4.7(124),,
place,"Grand ITC Permata Hijau., RT.12/RW.10Tutup ⋅ Buka Sen pukul 08.00","Bank DKI  4,1(29)Bank",(021) 53663433,https://www.google.com/maps/place/Bank+DKI/data=!4m7!3m6!1s0x2e69f133caab89f7:0xeee155be28256cd5!8m2!3d-6.2205684!4d106.7824139!16s%2Fg%2F1hf2qjhkf!19sChIJ94mryjPxaS4R1WwlKL5V4e4?authuser=0&hl=id&rclk=1,,Bank DKI,4.1(29),,
place,"Jl. Jenderal Sudirman No.Kav 32 2, RT.3/RW.2Tutup ⋅ Buka Sen pukul 08.00","Bank Mandiri Jakarta Berdharma  4,8(46)Bank",(021) 5701916,https://www.google.com/maps/place/Bank+Mandiri+Jakarta+Berdharma/data=!4m7!3m6!1s0x2e69f6ab4c3e5673:0xee4ca748a80348ea!8m2!3d-6.214708!4d106.8177222!16s%2Fg%2F1thv28nx!19sChIJc1Y-TKv2aS4R6kgDqEinTO4?authuser=0&hl=id&rclk=1,,Bank Mandiri Jakarta Berdharma,4.8(46),,
place,"Jl. Jenderal Sudirman No.10 Kav 10-11, RT.10/RW.11Tutup ⋅ Buka Sen pukul 08.00","Bank Mandiri Jakarta Mid Plaza  4,6(219)Bank",(021) 5704560,https://www.google.com/maps/place/Bank+Mandiri+Jakarta+Mid+Plaza/data=!4m7!3m6!1s0x2e69f402edbbd8ed:0xbf5f5f08c2504b5!8m2!3d-6.2095303!4d106.821283!16s%2Fg%2F1hc0s47l7!19sChIJ7di77QL0aS4RtQQljPD19Qs?authuser=0&hl=id&rclk=1,,Bank Mandiri Jakarta Mid Plaza,4.6(219),,
place,"Apartemen Graha Cempaka Mas, Jl. Letjen Suprapto No.1, RT.14/RW.8Tutup ⋅ Buka Sen pukul 08.00","Bank DKI KC Cempaka Mas  3,5(105)Bank",(021) 4214401,https://www.google.com/maps/place/Bank+DKI+KC+Cempaka+Mas/data=!4m7!3m6!1s0x2e69f5055bd39251:0xd9e0bf59dbcdb93c!8m2!3d-6.164558!4d106.876305!16s%2Fg%2F1hc2d58w2!19sChIJUZLTWwX1aS4RPLnN21m_4Nk?authuser=0&hl=id&rclk=1,,Bank DKI KC Cempaka Mas,3.5(105),,
place,"JL Gunung Sahari Raya I No.1 Mall Mangga Dua Square Blok B No. 9, RT.11/RW.6Tutup ⋅ Buka Sen pukul 08.00","Bank Mandiri Jakarta Mangga Dua Square  4,3(44)Bank",(021) 62312970,https://www.google.com/maps/place/Bank+Mandiri+Jakarta+Mangga+Dua+Square/data=!4m7!3m6!1s0x2e69f5f7119b0deb:0x1e68fb893d079884!8m2!3d-6.1388132!4d106.8314991!16s%2Fg%2F1td3tt19!19sChIJ6w2bEff1aS4RhJgHPYn7aB4?authuser=0&hl=id&rclk=1,,Bank Mandiri Jakarta Mangga Dua Square,4.3(44),,
place,"Pasar Jatinegara Blok A Lantai 3 Los AKS No. 3, Balimester, JatinegaraTutup ⋅ Buka Sen pukul 08.00","Bank Mandiri Jakarta Pasar Jatinegara  5,0(25)Bank",(021) 85903370,https://www.google.com/maps/place/Bank+Mandiri+Jakarta+Pasar+Jatinegara/data=!4m7!3m6!1s0x2e69f37f10000001:0x29fbdc3bffbceec7!8m2!3d-6.2160005!4d106.8649847!16s%2Fg%2F1ptwg5ylg!19sChIJAQAAEH_zaS4Rx-68_zvc-yk?authuser=0&hl=id&rclk=1,,Bank Mandiri Jakarta Pasar Jatinegara,5.0(25),,
place,"Jl. Wijaya IX/F-4 No. 1 RT. 004 RW. 05, Kel. Melawai, Kec. Kebayoran Baru, RT.3/RW.1Tutup ⋅ Buka Sen pukul 08.00","Bank DKI KC Kebayoran Baru  2,8(11)Bank",(021) 2700150,https://www.google.com/maps/place/Bank+DKI+KC+Kebayoran+Baru/data=!4m7!3m6!1s0x2e69f16e8b052767:0x28445d0f35657dc1!8m2!3d-6.2443638!4d106.8012263!16s%2Fg%2F1tf2hvt7!19sChIJZycFi27xaS4RwX1lNQ9dRCg?authuser=0&hl=id&rclk=1,,Bank DKI KC Kebayoran Baru,2.8(11),,
place,"2, Jl. Falatehan I No.44, RT.2/RW.1Tutup ⋅ Buka Sen pukul 08.00","Bank Mandiri Jakarta  4,8(146)Bank",(021) 2700504,https://www.google.com/maps/place/Bank+Mandiri+Jakarta/data=!4m7!3m6!1s0x2e69f170ffffffff:0x5015b9bdfd80fdd2!8m2!3d-6.2430525!4d106.8016954!16s%2Fg%2F1tlr2bz9!19sChIJ_____3DxaS4R0v2A_b25FVA?authuser=0&hl=id&rclk=1,,Bank Mandiri Jakarta,4.8(146),,
place,"8, Jl. Sunda No.1, RT.8/RW.4Tutup ⋅ Buka Sen pukul 08.00","Bank Mandiri Jakarta Jalan Sunda  4,6(86)Bank",(021) 2300473,https://www.google.com/maps/place/Bank+Mandiri+Jakarta+Jalan+Sunda/data=!4m7!3m6!1s0x2e69f421c09a1f51:0xea4586be7fc8502d!8m2!3d-6.1885907!4d106.8250266!16s%2Fg%2F1tgyn79h!19sChIJUR-awCH0aS4RLVDIf76GReo?authuser=0&hl=id&rclk=1,,Bank Mandiri Jakarta Jalan Sunda,4.6(86),,
place,"Gedung Bimantara, Jl. Kebun Sirih 17-19, Kebon Sirih, Menteng, RT.15/RW.7Tutup ⋅ Buka Sen pukul 08.00","Bank Mandiri Jakarta Gedung Bimantara  4,8(36)Bank",(021) 3920105,https://www.google.com/maps/place/Bank+Mandiri+Jakarta+Gedung+Bimantara/data=!4m7!3m6!1s0x2e69f42ef567655d:0x8e3d7cfceef6a4ce!8m2!3d-6.1851432!4d106.8311122!16s%2Fg%2F1vk4r8d1!19sChIJXWVn9S70aS4RzqT27vx8PY4?authuser=0&hl=id&rclk=1,,Bank Mandiri Jakarta Gedung Bimantara,4.8(36),,
place,"Jl. Kapten Tendean No.127 1, RT.1/RW.2Tutup ⋅ Buka Sen pukul 08.00","Bank Mandiri KCP Jakarta Tendean  4,9(72)Bank",,https://www.google.com/maps/place/Bank+Mandiri+KCP+Jakarta+Tendean/data=!4m7!3m6!1s0x2e69f16011da34f5:0xd4b42b971a06776f!8m2!3d-6.2385504!4d106.8167214!16s%2Fg%2F1pp2x9rp1!19sChIJ9TTaEWDxaS4Rb3cGGpcrtNQ?authuser=0&hl=id&rclk=1,,Bank Mandiri KCP Jakarta Tendean,4.9(72),,
place,"Komp. Mitra Matraman Blok A1. 11-12, Jl. Matraman Raya No.148Tutup ⋅ Buka Sen pukul 07.30","Bank Jasa Jakarta - KCP Matraman  5,0(1)Bank",(021) 85918033,https://www.google.com/maps/place/Bank+Jasa+Jakarta+-+KCP+Matraman/data=!4m7!3m6!1s0x2e69f47eaf566de7:0xc47d1ac51242e15b!8m2!3d-6.1993698!4d106.854323!16s%2Fg%2F11c1wwnjv0!19sChIJ521Wr370aS4RW-FCEsUafcQ?authuser=0&hl=id&rclk=1,,Bank Jasa Jakarta - KCP Matraman,5.0(1),,
place,"Jl. Jenderal Sudirman No.9 1, RT.3/RW.2Tutup ⋅ Buka Sen pukul 08.00","Bank Mandiri Jakarta Ratu Plaza  4,8(95)Bank",(021) 2510911,https://www.google.com/maps/place/Bank+Mandiri+Jakarta+Ratu+Plaza/data=!4m7!3m6!1s0x2e69f14f3c1bfda3:0xf3607166bac043e7!8m2!3d-6.2265313!4d106.8014976!16s%2Fg%2F1tfq14p7!19sChIJo_0bPE_xaS4R50PAumZxYPM?authuser=0&hl=id&rclk=1,,Bank Mandiri Jakarta Ratu Plaza,4.8(95),,
place,"Jl. Wolter Monginsidi, RT.1/RW.4Tutup ⋅ Buka Sen pukul 08.00","Bank Mandiri  4,6(158)Bank",(021) 2702861,https://www.google.com/maps/place/Bank+Mandiri/data=!4m7!3m6!1s0x2e69f160102268dd:0x6cef691156a7d45f!8m2!3d-6.2386972!4d106.8117165!16s%2Fg%2F1tdj1mzy!19sChIJ3WgiEGDxaS4RX9SnVhFp72w?authuser=0&hl=id&rclk=1,,Bank Mandiri,4.6(158),,
place,"Wisma GKBI, Jl. Jenderal Sudirman No.28 19th Floor, RT.14/RW.1Tutup ⋅ Buka Sen pukul 08.00","IBK Indonesia Bank Head Office  5,0(9)Bank",(021) 57908888,https://www.google.com/maps/place/IBK+Indonesia+Bank+Head+Office/data=!4m7!3m6!1s0x2e69f71a914cb811:0xe613a2da2de3138f!8m2!3d-6.217471!4d106.8128545!16s%2Fg%2F11fpgt7znk!19sChIJEbhMkRr3aS4RjxPjLdqiE-Y?authuser=0&hl=id&rclk=1,,IBK Indonesia Bank Head Office,5.0(9),,
place,"Ruko Grand ITC Permata Hijau, Blok Emerald G 28, Jalan Arteri Permata Hijau, Grogol Utara, Kebayoran Lama, RT.11/RW.10Tutup ⋅ Buka Sen pukul 08.00","Bank Mandiri KCP Jakarta ITC Permata Hijau  4,8(65)Bank",(021) 53663322,https://www.google.com/maps/place/Bank+Mandiri+KCP+Jakarta+ITC+Permata+Hijau/data=!4m7!3m6!1s0x2e69f13287a08e73:0x59a69b1aebbd628b!8m2!3d-6.2213123!4d106.7839941!16s%2Fg%2F1tdk7g__!19sChIJc46ghzLxaS4Ri2K96xqbplk?authuser=0&hl=id&rclk=1,,Bank Mandiri KCP Jakarta ITC Permata Hijau,4.8(65),,
place,"Jl. Tebet Raya No.9B 20, RT.20/RW.1(021) 8310117","Bank Mandiri Jakarta Tebet Raya  4,7(98)Bank",,https://www.google.com/maps/place/Bank+Mandiri+Jakarta+Tebet+Raya/data=!4m7!3m6!1s0x2e69f39097484275:0x9592c696ca622704!8m2!3d-6.2296556!4d106.8501036!16s%2Fg%2F1tggdkwk!19sChIJdUJIl5DzaS4RBCdiypbGkpU?authuser=0&hl=id&rclk=1,,Bank Mandiri Jakarta Tebet Raya,4.7(98),,
place,"Gedung The Vida LG, Jl. Raya Perjuangan No. 8,, Kebon Jeruk, Kebon Jeruk, RT.1/RW.7(021) 5360735","Bank Mandiri Jakarta Kebon Jeruk Perjuangan  4,7(82)Bank",,https://www.google.com/maps/place/Bank+Mandiri+Jakarta+Kebon+Jeruk+Perjuangan/data=!4m7!3m6!1s0x2e69f7aa74b0e295:0xc083966413d3b1f8!8m2!3d-6.1910113!4d106.7595406!16s%2Fg%2F1td3bvml!19sChIJleKwdKr3aS4R-LHTE2SWg8A?authuser=0&hl=id&rclk=1,,Bank Mandiri Jakarta Kebon Jeruk Perjuangan,4.7(82),,
place,"Gedung Kementerian Luar Negeri, Jl. Taman Pejambon No.6, RT.9/RW.5Tutup ⋅ Buka Sen pukul 08.00","Bank Mandiri Jakarta Capem Kementerian Luar Negeri  4,8(25)Bank",(021) 34833899,https://www.google.com/maps/place/Bank+Mandiri+Jakarta+Capem+Kementerian+Luar+Negeri/data=!4m7!3m6!1s0x2e69f43348591a9b:0xb772e6e8f99ef8d5!8m2!3d-6.174192!4d106.8344157!16s%2Fg%2F1ygbbfpx3!19sChIJmxpZSDP0aS4R1fie-ejmcrc?authuser=0&hl=id&rclk=1,,Bank Mandiri Jakarta Capem Kementerian Luar Negeri,4.8(25),,
place,"JlGedung Mohammad Syafei Jl. Rawamangun Muka I No.11, RT.11/RW.14Tutup ⋅ Buka Sen pukul 08.00","Bank Mandiri Jakarta Universitas Negeri Jakarta  4,6(51)Bank",(021) 47884512,https://www.google.com/maps/place/Bank+Mandiri+Jakarta+Universitas+Negeri+Jakarta/data=!4m7!3m6!1s0x2e69f48d13aadc33:0x614249510b5c1cb4!8m2!3d-6.19662!4d106.8786377!16s%2Fg%2F1ygbbbg5v!19sChIJM9yqE430aS4RtBxcC1FJQmE?authuser=0&hl=id&rclk=1,,Bank Mandiri Jakarta Universitas Negeri Jakarta,4.6(51),,
place,Muara Karang Raya. 8 Blok CC 5 STutup ⋅ Buka Sen pukul 07.30,"Bank Jasa Jakarta  4,4(5)Lembaga Keuangan",(021) 6626677,https://www.google.com/maps/place/Bank+Jasa+Jakarta/data=!4m7!3m6!1s0x2e6a1da278f73aaf:0x8907dab999a75d43!8m2!3d-6.1172424!4d106.7829855!16s%2Fg%2F1vcml0cz!19sChIJrzr3eKIdai4RQ12nmbnaB4k?authuser=0&hl=id&rclk=1,,Bank Jasa Jakarta,4.4(5),,
place,"Jl. M.H. Thamrin No.12, RT.2/RW.1Tutup ⋅ Buka Sen pukul 08.00","Bank Mandiri Jakarta Gedung Jaya  4,6(121)Bank",(021) 2300104,https://www.google.com/maps/place/Bank+Mandiri+Jakarta+Gedung+Jaya/data=!4m7!3m6!1s0x2e69f426b4e89d43:0xc3068c01a67cd15a!8m2!3d-6.1862384!4d106.8227831!16s%2Fg%2F1tf4bfrc!19sChIJQ53otCb0aS4RWtF8pgGMBsM?authuser=0&hl=id&rclk=1,,Bank Mandiri Jakarta Gedung Jaya,4.6(121),,
place,"Gedung A Kemendiknas Lt. 1 Jl. Jend. Sudirman, Senayan, Gelora, Tanah Abang, RT.1/RW.3Tutup ⋅ Buka Sen pukul 08.00","Bank Mandiri Jakarta Kementrian Pendidikan Nasional  4,8(33)Bank",(021) 57974349,https://www.google.com/maps/place/Bank+Mandiri+Jakarta+Kementrian+Pendidikan+Nasional/data=!4m7!3m6!1s0x2e69f14e8756e25d:0x13ffb62dfa286e12!8m2!3d-6.2258878!4d106.8020516!16s%2Fg%2F1vrtx7w5!19sChIJXeJWh07xaS4REm4o-i22_xM?authuser=0&hl=id&rclk=1,,Bank Mandiri Jakarta Kementrian Pendidikan Nasional,4.8(33),,
place,"Kampus Unika Atmajaya, Jl. Jend. Sudirman No. 51, Karet Semanggi, Setiabudi, RT.5/RW.4Tutup ⋅ Buka Sen pukul 08.00","Bank Mandiri Jakarta Unika Atmajaya  4,8(33)Bank",(021) 57906502,https://www.google.com/maps/place/Bank+Mandiri+Jakarta+Unika+Atmajaya/data=!4m7!3m6!1s0x2e69f1551fc12247:0xc6e73ebe2be93976!8m2!3d-6.2185196!4d106.8149631!16s%2Fg%2F1ptzzyf1v!19sChIJRyLBH1XxaS4RdjnpK74-58Y?authuser=0&hl=id&rclk=1,,Bank Mandiri Jakarta Unika Atmajaya,4.8(33),,
place,"3, Jl. Kebon Sirih No.73, RT.3/RW.2Tutup ⋅ Buka Sen pukul 08.00","Bank Mandiri Jakarta Sabang  4,8(101)Bank",(021) 3919931,https://www.google.com/maps/place/Bank+Mandiri+Jakarta+Sabang/data=!4m7!3m6!1s0x2e69f42e37c886f7:0xae8026ddc05919de!8m2!3d-6.1840705!4d106.8235228!16s%2Fg%2F1tgttknp!19sChIJ94bINy70aS4R3hlZwN0mgK4?authuser=0&hl=id&rclk=1,,Bank Mandiri Jakarta Sabang,4.8(101),,
place,"Komp. Duta Merlin, Jl. Gajah Mada No.3-5 Blok A26-28, RT.2/RW.8Tutup ⋅ Buka Sen pukul 09.00","Bank Mandiri Jakarta Duta Merlin  4,3(54)Bank",(021) 63866450,https://www.google.com/maps/place/Bank+Mandiri+Jakarta+Duta+Merlin/data=!4m7!3m6!1s0x2e69f5d83c055bbd:0xf99ee37d586c3c6b!8m2!3d-6.1658093!4d106.8200013!16s%2Fg%2F1thqd55p!19sChIJvVsFPNj1aS4RazxsWH3jnvk?authuser=0&hl=id&rclk=1,,Bank Mandiri Jakarta Duta Merlin,4.3(54),,
place,"Jl. Kyai Maja No.7 4, RT.4/RW.1Tutup ⋅ Buka Sen pukul 08.00","Bank DKI Cabang Pembantu Mayestik  4,4(32)Bank",(021) 29305845,https://www.google.com/maps/place/Bank+DKI+Cabang+Pembantu+Mayestik/data=!4m7!3m6!1s0x2e69f11449214ba1:0xa29c5500c08de51f!8m2!3d-6.2417755!4d106.7901605!16s%2Fg%2F11bccd79wz!19sChIJoUshSRTxaS4RH-WNwABVnKI?authuser=0&hl=id&rclk=1,,Bank DKI Cabang Pembantu Mayestik,4.4(32),,
place,"Pertokoan Duta Mas Blok A1. 6, Jl. RS. Fatmawati Raya No.39Tutup ⋅ Buka Sen pukul 07.30",Bank Jasa Jakarta - KCP Fatmawati  Tidak ada ulasanLembaga Keuangan,(021) 7210560,https://www.google.com/maps/place/Bank+Jasa+Jakarta+-+KCP+Fatmawati/data=!4m7!3m6!1s0x2e69f17d172a520f:0x4c9ebf02175a3462!8m2!3d-6.2637089!4d106.7973446!16s%2Fg%2F11t9kcndzh!19sChIJD1IqF33xaS4RYjRaFwK_nkw?authuser=0&hl=id&rclk=1,,Bank Jasa Jakarta - KCP Fatmawati,Tidak ada ulasan,,
place,"Jl. Juanda, Gedung DepkeuTutup ⋅ Buka Sen pukul 08.00","Bank Mandiri KCP Jakarta Juanda  4,6(40)Bank",(021) 52997777,https://www.google.com/maps/place/Bank+Mandiri+KCP+Jakarta+Juanda/data=!4m7!3m6!1s0x2e69f5d096ce6687:0xf44c39d087839552!8m2!3d-6.167025!4d106.8255536!16s%2Fg%2F11b6324wh1!19sChIJh2bOltD1aS4RUpWDh9A5TPQ?authuser=0&hl=id&rclk=1,,Bank Mandiri KCP Jakarta Juanda,4.6(40),,
place,"Jl. Raya Kby. Lama No.222, RT.2/RW.11Tutup ⋅ Buka Sen pukul 08.00","Bank Mandiri Jakarta Kebayoran Lama  4,6(77)Bank",(021) 2700602,https://www.google.com/maps/place/Bank+Mandiri+Jakarta+Kebayoran+Lama/data=!4m7!3m6!1s0x2e69f6d3de818737:0x6f01bb4494fb4168!8m2!3d-6.2304483!4d106.7798919!16s%2Fg%2F1yfprvcx2!19sChIJN4eB3tP2aS4RaEH7lES7AW8?authuser=0&hl=id&rclk=1,,Bank Mandiri Jakarta Kebayoran Lama,4.6(77),,
place,"CS Mandiri_(.O811_331316, Jl. Gereja Theresia No.45 7, RT.7/RW.4(021) 3928625","Bank Mandiri Jakarta Menteng  5,0(21)Bank",,https://www.google.com/maps/place/Bank+Mandiri+Jakarta+Menteng/data=!4m7!3m6!1s0x2e69f424bd240485:0xa8dc6141b796097b!8m2!3d-6.190939!4d106.8283657!16s%2Fg%2F1ygbb6s6j!19sChIJhQQkvST0aS4RewmWt0Fh3Kg?authuser=0&hl=id&rclk=1,,Bank Mandiri Jakarta Menteng,5.0(21),,
place,"Graha Iskandarsyah, Jl. Iskandarsyah Raya No.66 5, RT.5/RW.2Tutup ⋅ Buka Sen pukul 08.00","Bank Mandiri Jakarta Iskandarsyah  5,0(32)Bank",(021) 2702711,https://www.google.com/maps/place/Bank+Mandiri+Jakarta+Iskandarsyah/data=!4m7!3m6!1s0x2e69f16f8611f7ff:0x8cd417b22cf3f206!8m2!3d-6.2435503!4d106.8037181!16s%2Fg%2F1tdhhb79!19sChIJ__cRhm_xaS4RBvLzLLIX1Iw?authuser=0&hl=id&rclk=1,,Bank Mandiri Jakarta Iskandarsyah,5.0(32),,
place,"Jl. M.H. Thamrin Kav. 3, Kebon Melati, Tanah Abang, RT.10/RW.10Tutup ⋅ Buka Sen pukul 08.00","Bank Mandiri Jakarta Menara Thamrin  4,8(64)Bank",(021) 2303860,https://www.google.com/maps/place/Bank+Mandiri+Jakarta+Menara+Thamrin/data=!4m7!3m6!1s0x2e69f426b492373d:0xff5b24b4932baa10!8m2!3d-6.18557!4d106.822259!16s%2Fg%2F1tx75t6h!19sChIJPTeStCb0aS4REKork7QkW_8?authuser=0&hl=id&rclk=1,,Bank Mandiri Jakarta Menara Thamrin,4.8(64),,
place,"Jalan Letjen Mt. Haryono Kav. 17, RT.11/RW.5Tutup ⋅ Buka Sen pukul 09.00","Bank Mandiri Jakarta M.T. Haryono  4,6(141)Bank",(021) 8291043,https://www.google.com/maps/place/Bank+Mandiri+Jakarta+M.T.+Haryono/data=!4m7!3m6!1s0x2e69f3a6f24866e5:0x51b6709a39e268d!8m2!3d-6.2425801!4d106.8520082!16s%2Fg%2F1tcwzyqg!19sChIJ5WZI8qbzaS4RjSaeowlnGwU?authuser=0&hl=id&rclk=1,,Bank Mandiri Jakarta M.T. Haryono,4.6(141),,
place,"Sahid Sudirman Centre, Jl. Jenderal Sudirman No.86 10, RT.10/RW.11Tutup ⋅ Buka Sen pukul 08.30","JTrust Bank - Kantor Cabang Jakarta - Sudirman  3,8(44)Bank",(021) 1500615,https://www.google.com/maps/place/JTrust+Bank+-+Kantor+Cabang+Jakarta+-+Sudirman/data=!4m7!3m6!1s0x2e69f401e8cea36b:0x69e1082e9dfb0ba7!8m2!3d-6.2108484!4d106.818483!16s%2Fg%2F11c3_4b_17!19sChIJa6PO6AH0aS4Rpwv7nS4I4Wk?authuser=0&hl=id&rclk=1,,JTrust Bank - Kantor Cabang Jakarta - Sudirman,3.8(44),,
place,Jl. Wahidin II No.3Tutup ⋅ Buka Sen pukul 08.00,"Mandiri KCP Jakarta KPPN II  4,9(106)Bank",(021) 3850159,https://www.google.com/maps/place/Mandiri+KCP+Jakarta+KPPN+II/data=!4m7!3m6!1s0x2e69f5c97a708b11:0x6cd8f0f45beee605!8m2!3d-6.168318!4d106.838105!16s%2Fg%2F1trlfccj!19sChIJEYtwesn1aS4RBebuW_Tw2Gw?authuser=0&hl=id&rclk=1,,Mandiri KCP Jakarta KPPN II,4.9(106),,
place,"Bkpm, RT.7/RW.1Tutup ⋅ Buka Sen pukul 08.00","Bank Mandiri Jakarta BKPM  4,8(43)Bank",(021) 5225828,https://www.google.com/maps/place/Bank+Mandiri+Jakarta+BKPM/data=!4m7!3m6!1s0x2e69f3e22c7c1b21:0x2c91d663f921116a!8m2!3d-6.2266117!4d106.8162915!16s%2Fg%2F1tfz7m08!19sChIJIRt8LOLzaS4RahEh-WPWkSw?authuser=0&hl=id&rclk=1,,Bank Mandiri Jakarta BKPM,4.8(43),,
place,"Jl. Gatot Subroto No.73, RT.1/RW.1Tutup ⋅ Buka Sen pukul 09.00","Bank Mandiri Jakarta Gedung Bidakara  4,6(124)Bank",(021) 83793115,https://www.google.com/maps/place/Bank+Mandiri+Jakarta+Gedung+Bidakara/data=!4m7!3m6!1s0x2e69f3c0a9cb9463:0x2da5354f7dcc12f4!8m2!3d-6.2417303!4d106.8414033!16s%2Fg%2F1pv1rvwql!19sChIJY5TLqcDzaS4R9BLMfU81pS0?authuser=0&hl=id&rclk=1,,Bank Mandiri Jakarta Gedung Bidakara,4.6(124),,
place,"Jl. Tanah Abang Timur No.1 2, RT.2/RW.3Tutup ⋅ Buka Sen pukul 09.00","Bank Mandiri Jakarta Kebon Sirih  4,4(180)Bank",(021) 2311800,https://www.google.com/maps/place/Bank+Mandiri+Jakarta+Kebon+Sirih/data=!4m7!3m6!1s0x2e69f42af84e82ad:0xfb5c814ad14564be!8m2!3d-6.176564!4d106.8207126!16s%2Fg%2F1tdv2_82!19sChIJrYJO-Cr0aS4RvmRF0UqBXPs?authuser=0&hl=id&rclk=1,,Bank Mandiri Jakarta Kebon Sirih,4.4(180),,
place,"VW45+RXP, Jl. Boulevard Timur, RT.7/RW.16","Bank Jasa Jakarta  1,0(1)Bank",,https://www.google.com/maps/place/Bank+Jasa+Jakarta/data=!4m7!3m6!1s0x2e69f538ee2d6241:0x4391e3ea04ea1fc1!8m2!3d-6.1429231!4d106.9099507!16s%2Fg%2F1hf119y56!19sChIJQWIt7jj1aS4RwR_qBOrjkUM?authuser=0&hl=id&rclk=1,,Bank Jasa Jakarta,1.0(1),,
place,"Jl. Jatinegara Barat No. 142 AB, Kampung Melayu, Jatinegara, Jl. Jatinegara Bar., RT.10/RW.1Tutup ⋅ Buka Sen pukul 08.00","Bank Mandiri Jakarta Jatinegara Barat  4,6(72)Bank",(021) 8199747,https://www.google.com/maps/place/Bank+Mandiri+Jakarta+Jatinegara+Barat/data=!4m7!3m6!1s0x2e69f38004042da9:0xb77beb2c1dab75d5!8m2!3d-6.2221057!4d106.8655067!16s%2Fg%2F1twzz3np!19sChIJqS0EBIDzaS4R1XWrHSzre7c?authuser=0&hl=id&rclk=1,,Bank Mandiri Jakarta Jatinegara Barat,4.6(72),,
place,"Jl. M.H. Thamrin No.59 9, RT.9/RW.5Tutup ⋅ Buka Sen pukul 08.00","Bank Mandiri Jakarta Wisma Nusantara  4,7(65)Bank",(021) 2300517,https://www.google.com/maps/place/Bank+Mandiri+Jakarta+Wisma+Nusantara/data=!4m7!3m6!1s0x2e69f4217df7aef7:0x3e6730eb3964d6f1!8m2!3d-6.1939728!4d106.8236813!16s%2Fg%2F1q6294p1p!19sChIJ9673fSH0aS4R8dZkOeswZz4?authuser=0&hl=id&rclk=1,,Bank Mandiri Jakarta Wisma Nusantara,4.7(65),,
place,"Jl. Jemb. Batu No.1 4, RT.4/RW.66922004","Bank Mandir Region 3 Jakarta kota  5,0(4)Bank",,https://www.google.com/maps/place/Bank+Mandir+Region+3+Jakarta+kota/data=!4m7!3m6!1s0x2e69f601c050ea75:0x9ca830a690d37e3f!8m2!3d-6.1370973!4d106.8135686!16s%2Fg%2F11c2pvylw2!19sChIJdepQwAH2aS4RP37TkKYwqJw?authuser=0&hl=id&rclk=1,,Bank Mandir Region 3 Jakarta kota,5.0(4),,
place,"Jl. Pinangsia II No.3 D 12, RT.12/RW.5Tutup ⋅ Buka Sen pukul 08.00","Bank Mandiri Jakarta Pinangsia  4,6(24)Bank",(021) 6011029,https://www.google.com/maps/place/Bank+Mandiri+Jakarta+Pinangsia/data=!4m7!3m6!1s0x2e69f60754fb1057:0x27d4aeeea7eb49c!8m2!3d-6.1399154!4d106.8147274!16s%2Fg%2F1td8w737!19sChIJVxD7VAf2aS4RnLR-6u5KfQI?authuser=0&hl=id&rclk=1,,Bank Mandiri Jakarta Pinangsia,4.6(24),,
place,"Gandaria City Mall, UG M-U 35 Jl. Sultan Iskandar Muda, Jl. Arteri Pd. Indah, RT.10/RW.6Tutup ⋅ Buka Sen pukul 08.00","Bank Mandiri Jakarta Gandaria City  4,6(107)Bank",(021) 29008044,https://www.google.com/maps/place/Bank+Mandiri+Jakarta+Gandaria+City/data=!4m7!3m6!1s0x2e69f1174e760193:0xc77f32092fa2e7d4!8m2!3d-6.2437201!4d106.7843238!16s%2Fg%2F1yfprrzgt!19sChIJkwF2ThfxaS4R1OeiLwkyf8c?authuser=0&hl=id&rclk=1,,Bank Mandiri Jakarta Gandaria City,4.6(107),,
place,"Jl. Sukarjo Wiryopranoto No.44, RT.1/RW.1Tutup ⋅ Buka Sen pukul 08.00","Bank Mandiri Jakarta Sawah Besar  4,4(23)Bank",(021) 3452699,https://www.google.com/maps/place/Bank+Mandiri+Jakarta+Sawah+Besar/data=!4m7!3m6!1s0x2e69f5dbf1532eed:0xe558e5c6e76d55c1!8m2!3d-6.1611772!4d106.824764!16s%2Fg%2F1ygbb6yqj!19sChIJ7S5T8dv1aS4RwVVt58blWOU?authuser=0&hl=id&rclk=1,,Bank Mandiri Jakarta Sawah Besar,4.4(23),,
place,Jl. Pemuda No.706 Blok W KavTutup ⋅ Buka Sen pukul 08.00,"IBK Bank Indonesia KCP Rawamangun  5,0(1)Bank",(021) 22483240,https://www.google.com/maps/place/IBK+Bank+Indonesia+KCP+Rawamangun/data=!4m7!3m6!1s0x2e69f505a75858f7:0xeefd01b8db7e66a7!8m2!3d-6.1936468!4d106.8955689!16s%2Fg%2F11ppb972jt!19sChIJ91hYpwX1aS4Rp2Z-27gB_e4?authuser=0&hl=id&rclk=1,,IBK Bank Indonesia KCP Rawamangun,5.0(1),,
place,"Jl. Senen Raya No. 135, Ruko Segitiga Senen Blok E-21/22, RT.6/RW.2Tutup ⋅ Buka Sen pukul 08.00","Mandiri Unit Mikro Jakarta Atrium Senen  4,8(127)Bank",(021) 3852370,https://www.google.com/maps/place/Mandiri+Unit+Mikro+Jakarta+Atrium+Senen/data=!4m7!3m6!1s0x2e69f44aa0007b4b:0x6d2fbcec617971af!8m2!3d-6.1748673!4d106.8410623!16s%2Fg%2F1tf8qj7x!19sChIJS3sAoEr0aS4Rr3F5Yey8L20?authuser=0&hl=id&rclk=1,,Mandiri Unit Mikro Jakarta Atrium Senen,4.8(127),,
place,"Jl. Kuningan Mulia No.9B, RT.6/RW.1Tutup ⋅ Buka Sen pukul 08.00","Bank Mandiri Jakarta Multivision Tower  4,6(32)Bank",(021) 29380058,https://www.google.com/maps/place/Bank+Mandiri+Jakarta+Multivision+Tower/data=!4m7!3m6!1s0x2e69f45df58561ad:0x426e267f78280ec2!8m2!3d-6.2118325!4d106.8335059!16s%2Fg%2F1ygbb8bdn!19sChIJrWGF9V30aS4Rwg4oeH8mbkI?authuser=0&hl=id&rclk=1,,Bank Mandiri Jakarta Multivision Tower,4.6(32),,
place,"Jl. Tubagus Angke No. 178, Komp. Permata Kota Blok A No. 6, Pejagalan, Penjaringan, RT.10/RW.1Tutup ⋅ Buka Sen pukul 08.00","Bank Mandiri  4,7(33)Bank",(021) 66674272,https://www.google.com/maps/place/Bank+Mandiri/data=!4m7!3m6!1s0x2e69f618eaddb90f:0x932f69a2a380861f!8m2!3d-6.1416759!4d106.7992303!16s%2Fg%2F1tj3ncj3!19sChIJD7nd6hj2aS4RH4aAo6JpL5M?authuser=0&hl=id&rclk=1,,Bank Mandiri,4.7(33),,
place,"Jl. Hayam Wuruk, RT.6/RW.2Tutup ⋅ Buka Sen pukul 08.00","Bank Mandiri Jakarta KP BPKP  4,9(10)Bank",(021) 3866724,https://www.google.com/maps/place/Bank+Mandiri+Jakarta+KP+BPKP/data=!4m7!3m6!1s0x2e69f5dfe4800823:0x8215e9be19d35b06!8m2!3d-6.1638838!4d106.8204927!16s%2Fg%2F1tz7r6y7!19sChIJIwiA5N_1aS4RBlvTGb7pFYI?authuser=0&hl=id&rclk=1,,Bank Mandiri Jakarta KP BPKP,4.9(10),,
place,"Hub_cs_0812_7290_8668,Panin Tower 5th Floor Senayan City, Jl. Asia Afrika No.Lot 19, RT.1/RW.3Tutup ⋅ Buka Sen pukul 08.00","Bank Kaltim Kantor Cabang Jakarta  4,1(13)Bank",(021) 72781848,https://www.google.com/maps/place/Bank+Kaltim+Kantor+Cabang+Jakarta/data=!4m7!3m6!1s0x2e69f6b4dcd6de3d:0x7e847fd1013fefe1!8m2!3d-6.2267224!4d106.7976099!16s%2Fg%2F1pzr4979j!19sChIJPd7W3LT2aS4R4e8_AdF_hH4?authuser=0&hl=id&rclk=1,,Bank Kaltim Kantor Cabang Jakarta,4.1(13),,
place,"Graha Irama Lantai DasarJl. H.R. Rasuna Said Kav. X-1, No. 1-2, Kuningan Timur, Setiabudi, RT.1/RW.2Tutup ⋅ Buka Sen pukul 08.00","Bank Mandiri Jakarta Graha Irama  4,8(30)Bank",(021) 52964180,https://www.google.com/maps/place/Bank+Mandiri+Jakarta+Graha+Irama/data=!4m7!3m6!1s0x2e69f3f7dc15b0f9:0xdfc59ac038f042fd!8m2!3d-6.2336713!4d106.831741!16s%2Fg%2F1tfn5bmf!19sChIJ-bAV3PfzaS4R_ULwOMCaxd8?authuser=0&hl=id&rclk=1,,Bank Mandiri Jakarta Graha Irama,4.8(30),,
place,"Jl. Pemuda 708-709 Jati Pulo Gadung Jakarta Timur DKI Jakarta, RT.2/RW.7(021) 4705590","PT. Bank Negara Indonesia Persero Tbk  5,0(1)Bank",,https://www.google.com/maps/place/PT.+Bank+Negara+Indonesia+Persero+Tbk/data=!4m7!3m6!1s0x2e69f4c9cb2f393f:0xe4d68b040a5bef8b!8m2!3d-6.1931861!4d106.9034374!16s%2Fg%2F1tsr5hy2!19sChIJPzkvy8n0aS4Ri-9bCgSL1uQ?authuser=0&hl=id&rclk=1,,PT. Bank Negara Indonesia Persero Tbk,5.0(1),,
place,"Jl. Pangeran Jayakarta No.73 1, RT.3/RW.6Tutup ⋅ Buka Sen pukul 08.00","Bank Mandiri Jakarta Pangeran Jayakarta  4,6(31)Bank",(021) 6299030,https://www.google.com/maps/place/Bank+Mandiri+Jakarta+Pangeran+Jayakarta/data=!4m7!3m6!1s0x2e69f5f0824fe859:0x35ea6b087917ae76!8m2!3d-6.139018!4d106.8226995!16s%2Fg%2F1tcy1r1h!19sChIJWehPgvD1aS4Rdq4XeQhr6jU?authuser=0&hl=id&rclk=1,,Bank Mandiri Jakarta Pangeran Jayakarta,4.6(31),,
place,"Jl. Wolter Monginsidi No. 123 D-E Rt/rw 001/02, Kel. Rawa Barat, Kec. Keb. Baru, RT.1/RW.2Tutup ⋅ Buka Sen pukul 09.00","Bank Muamalat KC Jakarta - Woltermonginsidi  4,8(35)Bank",(021) 7226767,https://www.google.com/maps/place/Bank+Muamalat+KC+Jakarta+-+Woltermonginsidi/data=!4m7!3m6!1s0x2e69f1674f623b7d:0x126d319820f7d8ba!8m2!3d-6.2386307!4d106.8169372!16s%2Fg%2F11r8c864k!19sChIJfTtiT2fxaS4Rutj3IJgxbRI?authuser=0&hl=id&rclk=1,,Bank Muamalat KC Jakarta - Woltermonginsidi,4.8(35),,
place,"Jl. Lap. Banteng Barat No.3, RW.4(021) 3504132","Bank Mandiri Jakarta Departemen Agama  4,9(67)Bank",,https://www.google.com/maps/place/Bank+Mandiri+Jakarta+Departemen+Agama/data=!4m7!3m6!1s0x2e69f5ced94657a1:0xd61205fdd9c867c!8m2!3d-6.1715341!4d106.8333653!16s%2Fg%2F1tcy1fg8!19sChIJoVdG2c71aS4RfIac3V8gYQ0?authuser=0&hl=id&rclk=1,,Bank Mandiri Jakarta Departemen Agama,4.9(67),,
place,"Wisma Tigris, Jl. Batu Ceper No. 19 DEF, Kebon Kelapa, Gambir, RT.15/RW.1(021) 3500229","Bank Mandiri Jakarta Batu Ceper  4,6(18)Bank",,https://www.google.com/maps/place/Bank+Mandiri+Jakarta+Batu+Ceper/data=!4m7!3m6!1s0x2e69f5d95d69d15d:0xc5024d626df30cd4!8m2!3d-6.1626473!4d106.8232967!16s%2Fg%2F1tdty5rx!19sChIJXdFpXdn1aS4R1AzzbWJNAsU?authuser=0&hl=id&rclk=1,,Bank Mandiri Jakarta Batu Ceper,4.6(18),,
place,"Jl. H. R. Rasuna Said, RT.3/RW.1Tutup ⋅ Buka Sen pukul 08.00","Bank Mandiri  4,8(52)Bank",(021) 2501256,https://www.google.com/maps/place/Bank+Mandiri/data=!4m7!3m6!1s0x2e69f3ec8f7ac20b:0x6daa598ce2fff06!8m2!3d-6.2137939!4d106.8313088!16s%2Fg%2F1tdhwjq7!19sChIJC8J6j-zzaS4RBv8vzpil2gY?authuser=0&hl=id&rclk=1,,Bank Mandiri,4.8(52),,
place,"World Trade Center 3, 27th Floor Jl. Jend. Sudirman No.Kav. 29-31, RT.4/RW.2 Kuningan, RT.8/RW.3Tutup ⋅ Buka Sen pukul 09.00","First Commercial Bank Jakarta Representative Office  5,0(2)Bank",(021) 30488788,https://www.google.com/maps/place/First+Commercial+Bank+Jakarta+Representative+Office/data=!4m7!3m6!1s0x2e69f329a3d0c895:0xdc3eae30ebe5a6c!8m2!3d-6.2155505!4d106.8214166!16s%2Fg%2F11h_z5q75_!19sChIJlcjQoynzaS4RbFq-DuPqww0?authuser=0&hl=id&rclk=1,,First Commercial Bank Jakarta Representative Office,5.0(2),,
place,"Gedung T-Tower, Jl. Gatot Subroto No.93, RT.2/RW.3(021) 2511448","bank bjb Kantor Cabang Khusus Jakarta  3,8(25)Bank",,https://www.google.com/maps/place/bank+bjb+Kantor+Cabang+Khusus+Jakarta/data=!4m7!3m6!1s0x2e69f5b287c12015:0x610035db4f8a7b1c!8m2!3d-6.2422309!4d106.837272!16s%2Fg%2F11h8c5133d!19sChIJFSDBh7L1aS4RHHuKT9s1AGE?authuser=0&hl=id&rclk=1,,bank bjb Kantor Cabang Khusus Jakarta,3.8(25),,
place,"3 Gedung Poulomas 1, Jl. Jenderal Ahmad Yani No.2, RT.3/RW.13Tutup ⋅ Buka Sen pukul 08.30","Bank Mandiri Jakarta Pulomas  4,5(63)Bank",(021) 4714815,https://www.google.com/maps/place/Bank+Mandiri+Jakarta+Pulomas/data=!4m7!3m6!1s0x2e69f4faaf491c2b:0xb7b288ce35d4fd8c!8m2!3d-6.1718832!4d106.8777645!16s%2Fg%2F1thjq8_6!19sChIJKxxJr_r0aS4RjP3UNc6Isrc?authuser=0&hl=id&rclk=1,,Bank Mandiri Jakarta Pulomas,4.5(63),,
place,"Jl. Budi Raya No.1, RT.1/RW.9Tutup ⋅ Buka Sen pukul 08.00","Micro Bank Mandiri - Branch Jakarta Kemanggisan  4,5(98)Bank",(021) 53666265,https://www.google.com/maps/place/Micro+Bank+Mandiri+-+Branch+Jakarta+Kemanggisan/data=!4m7!3m6!1s0x2e69f6e58b08b405:0xeca9d0804fca7071!8m2!3d-6.19225!4d106.782478!16s%2Fg%2F1tjvtb8j!19sChIJBbQIi-X2aS4RcXDKT4DQqew?authuser=0&hl=id&rclk=1,,Micro Bank Mandiri - Branch Jakarta Kemanggisan,4.5(98),,
place,"Jl. Kyai Maja No.51 B 4, RT.4/RW.1Tutup ⋅ Buka Sen pukul 08.00","Bank mandiri - Branch Jakarta Mayestik  4,8(73)Bank",(021) 7211466,https://www.google.com/maps/place/Bank+mandiri+-+Branch+Jakarta+Mayestik/data=!4m7!3m6!1s0x2e69f11526ceb5a7:0xaed1b48bc6512a0!8m2!3d-6.242019!4d106.790914!16s%2Fg%2F1tp8ftgc!19sChIJp7XOJhXxaS4RoBJlvEgb7Qo?authuser=0&hl=id&rclk=1,,Bank mandiri - Branch Jakarta Mayestik,4.8(73),,
place,"Tamara Centre, Suite 101, 102, 201 & 1101, Jl. Jend Sudirman Kav. 24, Karet, Setiabudi, RT.10/RW.1Tutup ⋅ Buka Sen pukul 09.00","Kantor Pusat Bank Of China Indonesia  3,2(49)Bank",(021) 5205502,https://www.google.com/maps/place/Kantor+Pusat+Bank+Of+China+Indonesia/data=!4m7!3m6!1s0x2e69f403b995c017:0x7da941f932f6ae79!8m2!3d-6.2121547!4d106.8205672!16s%2Fg%2F1ts2lys0!19sChIJF8CVuQP0aS4Rea72MvlBqX0?authuser=0&hl=id&rclk=1,,Kantor Pusat Bank Of China Indonesia,3.2(49),,
place,"Gedung Gajah Blok F-G, Jl. Dr. Saharjo No. 111, RT.1/RW.1, Tebet Barat, Tebet, RT.1/RW.1Tutup ⋅ Buka Sen pukul 09.00","Bank Mandiri Jakarta Saharjo  4,7(111)Bank",(021) 8293567,https://www.google.com/maps/place/Bank+Mandiri+Jakarta+Saharjo/data=!4m7!3m6!1s0x2e69f391fa054c4f:0xa4fb5b0f9cbcefbf!8m2!3d-6.226121!4d106.8478374!16s%2Fg%2F1tgw_g25!19sChIJT0wF-pHzaS4Rv--8nA9b-6Q?authuser=0&hl=id&rclk=1,,Bank Mandiri Jakarta Saharjo,4.7(111),,
place,"Jl. Raya Cilandak KKO No.112, RT.14/RW.5Tutup ⋅ Buka Sen pukul 08.00","Bank DKI KCP Cilandak  3,1(10)Bank",(021) 1500351,https://www.google.com/maps/place/Bank+DKI+KCP+Cilandak/data=!4m7!3m6!1s0x2e69ef113b5ff867:0xa01da36ee2369c67!8m2!3d-6.3057607!4d106.8142179!16s%2Fg%2F11qbg35rcr!19sChIJZ_hfOxHvaS4RZ5w24m6jHaA?authuser=0&hl=id&rclk=1,,Bank DKI KCP Cilandak,3.1(10),,
place,"Jl. K.H. Wahid Hasyim No.62 7, RT.7/RW.5Tutup ⋅ Buka Sen pukul 08.00","PT. Bank Sulselbar Cabang Jakarta  4,0(15)Bank",(021) 31931905,https://www.google.com/maps/place/PT.+Bank+Sulselbar+Cabang+Jakarta/data=!4m7!3m6!1s0x2e69f43ab2e93629:0x20d9132162687687!8m2!3d-6.1870977!4d106.8297745!16s%2Fg%2F11cjnnvby8!19sChIJKTbpsjr0aS4Rh3ZoYiET2SA?authuser=0&hl=id&rclk=1,,PT. Bank Sulselbar Cabang Jakarta,4.0(15),,
place,"Gedung Patrajasa, Jl. Jend. Gatot Subroto, Kav. 32-34, Kuningan Timur, Setiabudi, RT.6/RW.3Tutup ⋅ Buka Sen pukul 08.00","Bank Mandiri Jakarta Gedung Patrajasa  4,3(43)Bank",(021) 5251621,https://www.google.com/maps/place/Bank+Mandiri+Jakarta+Gedung+Patrajasa/data=!4m7!3m6!1s0x2e69f3e799cd3ab5:0x2051e967a1d376bd!8m2!3d-6.23372!4d106.8233999!16s%2Fg%2F1tdjmbdx!19sChIJtTrNmefzaS4RvXbToWfpUSA?authuser=0&hl=id&rclk=1,,Bank Mandiri Jakarta Gedung Patrajasa,4.3(43),,
place,"Jl. Pasar Senen No.16 17, RT.17/RW.3Tutup ⋅ Buka Sen pukul 08.00","Bank Mandiri Jakarta Stasiun Senen  4,9(31)Bank",(021) 42887720,https://www.google.com/maps/place/Bank+Mandiri+Jakarta+Stasiun+Senen/data=!4m7!3m6!1s0x2e69f60106c12701:0x4295cd57e88c16b7!8m2!3d-6.1724787!4d106.8429201!16s%2Fg%2F1vnhvqfk!19sChIJASfBBgH2aS4RtxaM6FfNlUI?authuser=0&hl=id&rclk=1,,Bank Mandiri Jakarta Stasiun Senen,4.9(31),,
place,"Blok Q/IV, Jl. Cipaku I No.3, RT.1/RW.5Tutup ⋅ Buka pukul 08.00","Bank BRI KCP Cikajang Jakarta  4,1(70)Bank",1 500 017,https://www.google.com/maps/place/Bank+BRI+KCP+Cikajang+Jakarta/data=!4m7!3m6!1s0x2e69f1673fad633b:0xd1830792e1599370!8m2!3d-6.2396458!4d106.810709!16s%2Fg%2F1tf215_m!19sChIJO2OtP2fxaS4RcJNZ4ZIHg9E?authuser=0&hl=id&rclk=1,,Bank BRI KCP Cikajang Jakarta,4.1(70),,
place,"Jl. Prof. Dr. Latumeten No.1, RT.2/RW.1Tutup ⋅ Buka Sen pukul 08.00","Bank Mandiri Kantor Kas Jakarta Sentra Latumenten  4,6(20)Bank",(021) 44460012,https://www.google.com/maps/place/Bank+Mandiri+Kantor+Kas+Jakarta+Sentra+Latumenten/data=!4m7!3m6!1s0x2e69f63e3a07764d:0x764f9f21c6eb64e5!8m2!3d-6.1562511!4d106.7919659!16s%2Fg%2F11b77k5cfs!19sChIJTXYHOj72aS4R5WTrxiGfT3Y?authuser=0&hl=id&rclk=1,,Bank Mandiri Kantor Kas Jakarta Sentra Latumenten,4.6(20),,
place,"Jl. Letjen S. Parman No.Kav 21, RT.11/RW.1Tutup ⋅ Buka Sen pukul 09.00","Bank Mandiri Jakarta Mal Ciputra  4,5(47)Bank",(021) 5669761,https://www.google.com/maps/place/Bank+Mandiri+Jakarta+Mal+Ciputra/data=!4m7!3m6!1s0x2e69f65b3a68587b:0xc1e9461597fddc76!8m2!3d-6.1687257!4d106.7857944!16s%2Fg%2F1tgldfwq!19sChIJe1hoOlv2aS4Rdtz9lxVG6cE?authuser=0&hl=id&rclk=1,,Bank Mandiri Jakarta Mal Ciputra,4.5(47),,
place,"JL. Pintu Air Raya 56 B - C, Jakarta 10720, RT.6/RW.1Tutup ⋅ Buka Sen pukul 08.00","BNI PASAR BARU JAKARTA  3,9(18)Bank",(021) 3811946,https://www.google.com/maps/place/BNI+PASAR+BARU+JAKARTA/data=!4m7!3m6!1s0x2e69f5cfc7df56f9:0xa1bc177c699ec220!8m2!3d-6.164217!4d106.832372!16s%2Fg%2F1tmd9cmd!19sChIJ-Vbfx8_1aS4RIMKeaXwXvKE?authuser=0&hl=id&rclk=1,,BNI PASAR BARU JAKARTA,3.9(18),,
place,Jl. Kramat Raya No.138Tutup ⋅ Buka Sen pukul 08.00,"BRI Kantor Cabang Jakarta Kramat  4,3(115)Bank",(021) 3100152,https://www.google.com/maps/place/BRI+Kantor+Cabang+Jakarta+Kramat/data=!4m7!3m6!1s0x2e69f446378b38d5:0xb18fcf6fb06d2da0!8m2!3d-6.1872082!4d106.8449735!16s%2Fg%2F1yh802596!19sChIJ1TiLN0b0aS4RoC1tsG_Pj7E?authuser=0&hl=id&rclk=1,,BRI Kantor Cabang Jakarta Kramat,4.3(115),,
place,"96, Jl. Kramat Raya No.94, RT.2/RW.9Tutup ⋅ Buka Sen pukul 08.00","Bank Mandiri KCP Jakarta Kramat Raya  4,4(57)Bank",(021) 3161938,https://www.google.com/maps/place/Bank+Mandiri+KCP+Jakarta+Kramat+Raya/data=!4m7!3m6!1s0x2e69f44626a9bcc9:0x65b7c412f312c92a!8m2!3d-6.1827611!4d106.8427854!16s%2Fg%2F1tg83s5b!19sChIJybypJkb0aS4RKskS8xLEt2U?authuser=0&hl=id&rclk=1,,Bank Mandiri KCP Jakarta Kramat Raya,4.4(57),,
place,"R.S. Kanker Dharmais, Jl. Let.Jend. S. Parman Kav. 84-88, Slipi, Kota Bambu Selatan, Palmerah, RT.4/RW.9Tutup ⋅ Buka Sen pukul 08.00","Bank Mandiri Jakarta R.S. Kanker Dharmais  4,6(44)Bank",(021) 56943409,https://www.google.com/maps/place/Bank+Mandiri+Jakarta+R.S.+Kanker+Dharmais/data=!4m7!3m6!1s0x2e69f68d777894cd:0xebe01fdd391fbb3e!8m2!3d-6.1857558!4d106.7976437!16s%2Fg%2F1td82j54!19sChIJzZR4d432aS4RPrsfOd0f4Os?authuser=0&hl=id&rclk=1,,Bank Mandiri Jakarta R.S. Kanker Dharmais,4.6(44),,
place,"Jl. Pahlawan Revolusi No.10A - B 2, RT.2/RW.5Tutup ⋅ Buka Sen pukul 08.00","Bank Mandiri KCP Jakarta Pondok Bambu  4,3(122)Bank",(021) 8612067,https://www.google.com/maps/place/Bank+Mandiri+KCP+Jakarta+Pondok+Bambu/data=!4m7!3m6!1s0x2e69f345491142f3:0x4fd267de6d1bc1fd!8m2!3d-6.2398382!4d106.9003794!16s%2Fg%2F1ptw3dgyw!19sChIJ80IRSUXzaS4R_cEbbd5n0k8?authuser=0&hl=id&rclk=1,,Bank Mandiri KCP Jakarta Pondok Bambu,4.3(122),,
place,"Gedung Walikota Jakarta Utara, Jl. Yos Sudarso No. 27-29, Kel. Kebon Bawang, Kec. Tanjung Priok, RT.19/RW.5Tutup ⋅ Buka Sen pukul 08.00","Bank DKI Kantor Kas Syariah Walikota Jakarta Utara  3,9(58)Bank",(021) 43930363,https://www.google.com/maps/place/Bank+DKI+Kantor+Kas+Syariah+Walikota+Jakarta+Utara/data=!4m7!3m6!1s0x2e6a1fe918ea835f:0x63f457c47b791b22!8m2!3d-6.1202571!4d106.8930354!16s%2Fg%2F1hfc5l6d0!19sChIJX4PqGOkfai4RIht5e8RX9GM?authuser=0&hl=id&rclk=1,,Bank DKI Kantor Kas Syariah Walikota Jakarta Utara,3.9(58),,
place,"Blok LC6, Jl. Boulevard Bar. No.55, RT.13/RW.7Tutup ⋅ Buka Sen pukul 08.00","J Trust Bank  2,7(3)Bank",(021) 4528228,https://www.google.com/maps/place/J+Trust+Bank/data=!4m7!3m6!1s0x2e69f53761db89a5:0xd61c1383958ab58a!8m2!3d-6.1571058!4d106.9005024!16s%2Fg%2F11gf8zmhyw!19sChIJpYnbYTf1aS4RirWKlYMTHNY?authuser=0&hl=id&rclk=1,,J Trust Bank,2.7(3),,
place,"CS Mandiri._O811_331316, Jl. Kramat Raya No.59, RT.8/RW.8Tutup ⋅ Buka Sen pukul 08.00","Bank Mandiri - Jakarta Pertamina UPMS III  4,8(22)Bank",(021) 3100242,https://www.google.com/maps/place/Bank+Mandiri+-+Jakarta+Pertamina+UPMS+III/data=!4m7!3m6!1s0x2e69f44626a9bcc9:0xbe2354d356fabcaf!8m2!3d-6.1867524!4d106.8455067!16s%2Fg%2F1tg9829k!19sChIJybypJkb0aS4Rr7z6VtNUI74?authuser=0&hl=id&rclk=1,,Bank Mandiri - Jakarta Pertamina UPMS III,4.8(22),,
place,"Jl. Jenderal Ahmad Yani No.2, RT.12/RW.7Tutup ⋅ Buka Sen pukul 08.00","Bank Mandiri Jakarta Ahmad Yani  4,2(27)Bank",(021) 4211167,https://www.google.com/maps/place/Bank+Mandiri+Jakarta+Ahmad+Yani/data=!4m7!3m6!1s0x2e69f50363b30073:0x36eec2c3d7c2c504!8m2!3d-6.1736611!4d106.8760389!16s%2Fg%2F1ptw2rqz1!19sChIJcwCzYwP1aS4RBMXC18PC7jY?authuser=0&hl=id&rclk=1,,Bank Mandiri Jakarta Ahmad Yani,4.2(27),,
place,"Jl. KH. Hasyim Ashari No.11 DEF, RT.6/RW.8Tutup ⋅ Buka Sen pukul 08.00","Bank Mega - KCP Jakarta Hasyim Ashari  4,8(4)Bank",(021) 6329327,https://www.google.com/maps/place/Bank+Mega+-+KCP+Jakarta+Hasyim+Ashari/data=!4m7!3m6!1s0x2e69f670029c9319:0xa17d2e656999a31a!8m2!3d-6.1652655!4d106.8173877!16s%2Fg%2F1tgmmtn3!19sChIJGZOcAnD2aS4RGqOZaWUufaE?authuser=0&hl=id&rclk=1,,Bank Mega - KCP Jakarta Hasyim Ashari,4.8(4),,
place,"Gedung Askrida Tower Lt. 1, Jalan Pramuka Raya Kav. 151, RT.9/RW.5Tutup ⋅ Buka Sen pukul 09.00","Bank Mandiri Jakarta Pramuka  4,5(74)Bank",(021) 8199377,https://www.google.com/maps/place/Bank+Mandiri+Jakarta+Pramuka/data=!4m7!3m6!1s0x2e69f4217457e86b:0x9eaa0f2f73831152!8m2!3d-6.1926571!4d106.8666821!16s%2Fg%2F1tnl3ps9!19sChIJa-hXdCH0aS4RUhGDcy8Pqp4?authuser=0&hl=id&rclk=1,,Bank Mandiri Jakarta Pramuka,4.5(74),,
place,"Jl. Jenderal Sudirman No.Kav. 26, RT.15/RW.010Tutup ⋅ Buka Sen pukul 07.30","BANK BRI KC Jakarta Sudirman 1  3,7(20)Bank",(021) 25196060,https://www.google.com/maps/place/BANK+BRI+KC+Jakarta+Sudirman+1/data=!4m7!3m6!1s0x2e69f6aada62c6ed:0xb570e38780488824!8m2!3d-6.212648!4d106.8201949!16s%2Fg%2F11gdzp_x9c!19sChIJ7cZi2qr2aS4RJIhIgIfjcLU?authuser=0&hl=id&rclk=1,,BANK BRI KC Jakarta Sudirman 1,3.7(20),,
place,"Niaga Roxy Mas, Jl. KH. Hasyim Ashari Blok B1 No.1-2Tutup ⋅ Buka Sen pukul 08.00","Bank BRI Cabang Jakarta Roxy  3,7(53)Bank",(021) 63855121,https://www.google.com/maps/place/Bank+BRI+Cabang+Jakarta+Roxy/data=!4m7!3m6!1s0x2e69f66ff32b696b:0xf704eed337b7692f!8m2!3d-6.166374!4d106.8046414!16s%2Fg%2F1thnd_z7!19sChIJa2kr82_2aS4RL2m3N9PuBPc?authuser=0&hl=id&rclk=1,,Bank BRI Cabang Jakarta Roxy,3.7(53),,
place,"Jl. Sunter Permai Raya No.1 4, RT.2/RW.6Tutup ⋅ Buka Sen pukul 08.00","Bank Mandiri Cabang Jakarta Sunter Permai  4,2(95)Bank",(021) 6408766,https://www.google.com/maps/place/Bank+Mandiri+Cabang+Jakarta+Sunter+Permai/data=!4m7!3m6!1s0x2e6a1e2b93822809:0xb8fe4c5ab649526f!8m2!3d-6.1302045!4d106.8611291!16s%2Fg%2F1hm4w0yn_!19sChIJCSiCkyseai4Rb1JJtlpM_rg?authuser=0&hl=id&rclk=1,,Bank Mandiri Cabang Jakarta Sunter Permai,4.2(95),,
place,"Gedung Bursa Efek Jakarta (BEJ), Tower 1 3rd Floor, Suite 303, Jl. Jendral Sudirman Kav. 52-53 Jakarta 12190, RT.5/RW.3Tutup ⋅ Buka Sen pukul 08.00","Bank OCBC JAKARTA - BEJ  4,9(27)Bank",(021) 5153782,https://www.google.com/maps/place/Bank+OCBC+JAKARTA+-+BEJ/data=!4m7!3m6!1s0x2e69f15184f7db63:0x190963946a002230!8m2!3d-6.223323!4d106.809157!16s%2Fg%2F1q62cyf59!19sChIJY9v3hFHxaS4RMCIAapRjCRk?authuser=0&hl=id&rclk=1,,Bank OCBC JAKARTA - BEJ,4.9(27),,
place,"Jl. Kyai Maja No.43 4, RT.4/RW.8Tutup ⋅ Buka Sen pukul 08.00","Bank Mandiri Jakarta R.S. Pusat Pertamina  5,0(11)Bank",(021) 2700347,https://www.google.com/maps/place/Bank+Mandiri+Jakarta+R.S.+Pusat+Pertamina/data=!4m7!3m6!1s0x2e69f114348b214f:0xcc28f5eab936c344!8m2!3d-6.240783!4d106.793113!16s%2Fg%2F1tdhhb6q!19sChIJTyGLNBTxaS4RRMM2uer1KMw?authuser=0&hl=id&rclk=1,,Bank Mandiri Jakarta R.S. Pusat Pertamina,5.0(11),,
place,"Jl. Kebon Kacang Raya No.20 4, RT.4/RW.8Tutup ⋅ Buka Sen pukul 08.00","Bank Maluku ATM KC Jakarta  4,0(11)Bank",(0911) 354214,https://www.google.com/maps/place/Bank+Maluku+ATM+KC+Jakarta/data=!4m7!3m6!1s0x2e69f4209ce7693d:0xbbc16cc09c4c4f1a!8m2!3d-6.1937851!4d106.8180083!16s%2Fg%2F1jkx_tbm0!19sChIJPWnnnCD0aS4RGk9MnMBswbs?authuser=0&hl=id&rclk=1,,Bank Maluku ATM KC Jakarta,4.0(11),,
place,"Kawasan Season City, Jl. Prof.Dr. Latumetten No. 33, Jembatan Besi, Tambora, RT.1/RW.5Tutup ⋅ Buka Sen pukul 08.00","Bank Mandiri Jakarta Latumeten  4,5(23)Bank atau ATM",(021) 29071004,https://www.google.com/maps/place/Bank+Mandiri+Jakarta+Latumeten/data=!4m7!3m6!1s0x2e69f615c2cf5cc7:0xfe10a1ab911436fc!8m2!3d-6.1528909!4d106.7960661!16s%2Fg%2F1ptx5r39l!19sChIJx1zPwhX2aS4R_DYUkauhEP4?authuser=0&hl=id&rclk=1,,Bank Mandiri Jakarta Latumeten,4.5(23),,
place,"Jl. M.H. Thamrin No.11, RT.8/RW.4Tutup ⋅ Buka Sen pukul 08.00","Bank Mandiri Jakarta Sarinah  3,0(12)Bank",(021) 2300644,https://www.google.com/maps/place/Bank+Mandiri+Jakarta+Sarinah/data=!4m7!3m6!1s0x2e69f42601b4a2e1:0xa5f83b4ee8461ab4!8m2!3d-6.1873337!4d106.8236011!16s%2Fg%2F1tdv393l!19sChIJ4aK0ASb0aS4RtBpG6E47-KU?authuser=0&hl=id&rclk=1,,Bank Mandiri Jakarta Sarinah,3.0(12),,
place,"Jl. Salemba Tengah No.4B 1, RT.1/RW.3Tutup ⋅ Buka Sen pukul 09.00","Bank Mandiri Jakarta Salemba Raya  4,3(49)Bank",(021) 3907605,https://www.google.com/maps/place/Bank+Mandiri+Jakarta+Salemba+Raya/data=!4m7!3m6!1s0x2e69f44257e0ac3d:0x4e2e7bcc13c3e772!8m2!3d-6.193693!4d106.8507149!16s%2Fg%2F1td07c1t!19sChIJPazgV0L0aS4RcufDE8x7Lk4?authuser=0&hl=id&rclk=1,,Bank Mandiri Jakarta Salemba Raya,4.3(49),,
place,"Jl. Kramat Raya No.23 C, RT.3/RW.2Tutup ⋅ Buka Sen pukul 08.00","Bank Syariah Indonesia KCP Jakarta Kramat Raya  4,3(48)Bank",(021) 3900349,https://www.google.com/maps/place/Bank+Syariah+Indonesia+KCP+Jakarta+Kramat+Raya/data=!4m7!3m6!1s0x2e69f4499c230d05:0x107dc825e7195777!8m2!3d-6.1819259!4d106.8430778!16s%2Fg%2F1ts6ddfs!19sChIJBQ0jnEn0aS4Rd1cZ5yXIfRA?authuser=0&hl=id&rclk=1,,Bank Syariah Indonesia KCP Jakarta Kramat Raya,4.3(48),,
place,"Jl. Prapanca Raya No.9, RT.5/RW.4Tutup ⋅ Buka Sen pukul 08.00","Bank DKI Syariah  2,3(3)Bank",(021) 72788118,https://www.google.com/maps/place/Bank+DKI+Syariah/data=!4m7!3m6!1s0x2e69f1672a35836f:0x2f1e2de75dfd5ca!8m2!3d-6.24052!4d106.8116657!16s%2Fg%2F1tdmxy99!19sChIJb4M1KmfxaS4RytXfdd7i8QI?authuser=0&hl=id&rclk=1,,Bank DKI Syariah,2.3(3),,
place,"Jl. Garuda No.26, RT.1/RW.2Tutup ⋅ Buka Sen pukul 08.00","Bank Mandiri Jakarta Jalan Garuda  4,2(38)Bank",(021) 42804266,https://www.google.com/maps/place/Bank+Mandiri+Jakarta+Jalan+Garuda/data=!4m7!3m6!1s0x2e69f5b8f34a0a31:0x994eb174ba685950!8m2!3d-6.1624696!4d106.8428638!16s%2Fg%2F1q5bn3l6f!19sChIJMQpK87j1aS4RUFlounSxTpk?authuser=0&hl=id&rclk=1,,Bank Mandiri Jakarta Jalan Garuda,4.2(38),,
