Nama,Kategori,Telepon,Website,Alamat,Rating,Link Google Map,Verified
Nasi goreng Ocit putraenjoy,"Nasi goreng Ocit putraenjoy  5,0(3)Nasi Goreng",,,"samping mie rica kejaksaan, Jl. Kejaksaan No.11Buka 24 jam",,https://www.google.comhttps://www.google.com/maps/place/Nasi+goreng+Ocit+putraenjoy/data=!4m7!3m6!1s0x2e68e71fdbb76207:0x9a310cb078a7c6f!8m2!3d-6.9183345!4d107.6104807!16s%2Fg%2F11j8mbszql!19sChIJB2K32x_naC4Rb3yKB8sQowk?authuser=0&hl=id&rclk=1,Tidak
Nasi Goreng Pinggir Jalan,Nasi Goreng Pinggir Jalan  Tidak ada ulasanIndonesia,,,Jl. Lembong No.18,,https://www.google.comhttps://www.google.com/maps/place/Nasi+Goreng+Pinggir+Jalan/data=!4m7!3m6!1s0x2e68e7f00d374d6b:0x69025eed3ed0bd7e!8m2!3d-6.9165997!4d107.6099566!16s%2Fg%2F11pv5s5tlf!19sChIJa003DfDnaC4Rfr3QPu1eAmk?authuser=0&hl=id&rclk=1,Tidak
Nasi Goreng Asia afrika km 0 bdg,"Nasi Goreng Asia afrika km 0 bdg  5,0(1)Nasi Goreng",,,"3JH6+C86, Jl. Asia AfrikaBuka 24 jam",,https://www.google.comhttps://www.google.com/maps/place/Nasi+Goreng+Asia+afrika+km+0+bdg/data=!4m7!3m6!1s0x2e68e725ed26cfb9:0xd8c411099befc2a4!8m2!3d-6.9214734!4d107.6107722!16s%2Fg%2F11gk0c8_fq!19sChIJuc8m7SXnaC4RpMLvmwkRxNg?authuser=0&hl=id&rclk=1,Tidak
Nasi Goreng Bu.Ai.BRAGA.Gg.Afandi,"Nasi Goreng Bu.Ai.BRAGA.Gg.Afandi  4,8(4)",Jl. Braga No.81Tutup ⋅ Buka pukul 16.00,,$Nasi Goreng,,https://www.google.comhttps://www.google.com/maps/place/Nasi+Goreng+Bu.Ai.BRAGA.Gg.Afandi/data=!4m7!3m6!1s0x2e68e704f20f90a5:0x4e526899edb71535!8m2!3d-6.9174516!4d107.609234!16s%2Fg%2F11jblwfy5q!19sChIJpZAP8gTnaC4RNRW37ZloUk4?authuser=0&hl=id&rclk=1,Tidak
Nasi Goreng AA Billy,"Nasi Goreng AA Billy  3,7(3)Nasi Goreng",,,3JR6+4G6Buka ⋅ Tutup pukul 17.00,,https://www.google.comhttps://www.google.com/maps/place/Nasi+Goreng+AA+Billy/data=!4m7!3m6!1s0x2e68e755ac0ed2d3:0xc75202b6da081320!8m2!3d-6.9097155!4d107.6112784!16s%2Fg%2F11hz1tp7p9!19sChIJ09IOrFXnaC4RIBMI2rYCUsc?authuser=0&hl=id&rclk=1,Tidak
Nasi Goreng NSP,"Nasi Goreng NSP  4,7(3)Nasi Goreng",,,Jl. Lembong No.11Tutup ⋅ Buka pukul 18.00,,https://www.google.comhttps://www.google.com/maps/place/Nasi+Goreng+NSP/data=!4m7!3m6!1s0x2e68e74b36c0645d:0x851d239ff43fca5d!8m2!3d-6.9174277!4d107.6118414!16s%2Fg%2F11t5lfxpcw!19sChIJXWTANkvnaC4RXco_9J8jHYU?authuser=0&hl=id&rclk=1,Tidak
Nasi Goreng Pa Wawan,"Nasi Goreng Pa Wawan  4,8(12)Nasi Goreng",,,Jl. SundaBuka ⋅ Tutup pukul 12.00,,https://www.google.comhttps://www.google.com/maps/place/Nasi+Goreng+Pa+Wawan/data=!4m7!3m6!1s0x2e68e62dae3863b5:0xe6ad7ecac462e1cd!8m2!3d-6.9198989!4d107.6180327!16s%2Fg%2F11f093lfr9!19sChIJtWM4ri3maC4RzeFixMp-reY?authuser=0&hl=id&rclk=1,Tidak
Nasi goreng anugrah,"Nasi goreng anugrah  4,1(50)Nasi Goreng",,,Gg. Mukalmi No.100Buka 24 jam,,https://www.google.comhttps://www.google.com/maps/place/Nasi+goreng+anugrah/data=!4m7!3m6!1s0x2e68e7bfeaa3d617:0x636cd650fd63fcb9!8m2!3d-6.9204773!4d107.5897829!16s%2Fg%2F11n5bpyvkn!19sChIJF9aj6r_naC4Rufxj_VDWbGM?authuser=0&hl=id&rclk=1,Tidak
Nasi Goreng,Nasi Goreng  Tidak ada ulasanNasi Goreng,,,Jl. Cibadak No.170Buka 24 jam,,https://www.google.comhttps://www.google.com/maps/place/Nasi+Goreng/data=!4m7!3m6!1s0x2e68e7101dd12057:0x2ab6379c58b1b2da!8m2!3d-6.9213187!4d107.5981511!16s%2Fg%2F11k9p7b677!19sChIJVyDRHRDnaC4R2rKxWJw3tio?authuser=0&hl=id&rclk=1,Tidak
Nasi Goreng Patung Persib,"Nasi Goreng Patung Persib  4,5(14)Nasi Goreng",,,Jl. Lembong No.17Tutup ⋅ Buka pukul 18.00,,https://www.google.comhttps://www.google.com/maps/place/Nasi+Goreng+Patung+Persib/data=!4m7!3m6!1s0x2e68e63024946cb3:0xb99b6814d954c9df!8m2!3d-6.9171101!4d107.6120066!16s%2Fg%2F11dyx9f9rs!19sChIJs2yUJDDmaC4R38lU2RRom7k?authuser=0&hl=id&rclk=1,Tidak
Nasi goreng basmalah,"Nasi goreng basmalah  5,0(1)Restoran",,,Jl. Braga No.63,,https://www.google.comhttps://www.google.com/maps/place/Nasi+goreng+basmalah/data=!4m7!3m6!1s0x2e68e7b6aee09ea7:0x76f65d59f030691!8m2!3d-6.9180704!4d107.6093027!16s%2Fg%2F11sdcgnzc3!19sChIJp57grrbnaC4RkQYDn9Vlbwc?authuser=0&hl=id&rclk=1,Tidak
Nasi Goreng Mas Bajuri,"Nasi Goreng Mas Bajuri  4,9(39)Nasi Goreng",,,3HCR+6X8Buka ⋅ Tutup pukul 00.00,,https://www.google.comhttps://www.google.com/maps/place/Nasi+Goreng+Mas+Bajuri/data=!4m7!3m6!1s0x2e68e94a4ba53ce5:0xf164a83da27cf506!8m2!3d-6.9294531!4d107.5924381!16s%2Fg%2F11jmvt_4tx!19sChIJ5TylS0rpaC4RBvV8oj2oZPE?authuser=0&hl=id&rclk=1,Tidak
Nasi Goreng Mas Syuhada,"Nasi Goreng Mas Syuhada  3,7(11)Nasi Goreng",,,Jl. L. L. R.E. Martadinata No.139Buka 24 jam,,https://www.google.comhttps://www.google.com/maps/place/Nasi+Goreng+Mas+Syuhada/data=!4m7!3m6!1s0x2e68e7ca5eb55f9f:0xfe668d4bc8c49fbe!8m2!3d-6.9086581!4d107.6247693!16s%2Fg%2F11g6bkcjy7!19sChIJn1-1XsrnaC4Rvp_EyEuNZv4?authuser=0&hl=id&rclk=1,Tidak
Nasi Goreng Nahdia Putri Berkah,"Nasi Goreng Nahdia Putri Berkah  5,0(1)Nasi Goreng",,,Jl. Baranang Siang No.104Buka ⋅ Tutup pukul 12.30 ⋅ Buka kembali pukul 17.00,,https://www.google.comhttps://www.google.com/maps/place/Nasi+Goreng+Nahdia+Putri+Berkah/data=!4m7!3m6!1s0x2e68e62d6cb6f76d:0x5c825c3697059019!8m2!3d-6.9195599!4d107.6211399!16s%2Fg%2F11fzf9pq47!19sChIJbfe2bC3maC4RGZAFlzZcglw?authuser=0&hl=id&rclk=1,Tidak
Nasi Goreng mbah kakung,"Nasi Goreng mbah kakung  5,0(1)Brunch",,,"3JJ5+2JF, Jl. Dr. Ir. Sukarno",,https://www.google.comhttps://www.google.com/maps/place/Nasi+Goreng+mbah+kakung/data=!4m7!3m6!1s0x2e68e725e15c1533:0x21a1874bad6f8a8b!8m2!3d-6.9199426!4d107.6090316!16s%2Fg%2F11krptpvv5!19sChIJMxVc4SXnaC4Ri4pvrUuHoSE?authuser=0&hl=id&rclk=1,Tidak
Nasi Goreng & Mie Tek Tek Awet Muda,"Nasi Goreng & Mie Tek Tek Awet Muda  4,9(11)",Jl. Japati No.2aSegera tutup ⋅ 04.00 ⋅ Buka kembali pukul 19.00,,$Nasi Goreng,,https://www.google.comhttps://www.google.com/maps/place/Nasi+Goreng+%26+Mie+Tek+Tek+Awet+Muda/data=!4m7!3m6!1s0x2e68e75515401b4f:0xaee4d7f50a0a5ca0!8m2!3d-6.8961095!4d107.6189653!16s%2Fg%2F11h5vf_7t6!19sChIJTxtAFVXnaC4RoFwKCvXX5K4?authuser=0&hl=id&rclk=1,Tidak
"WARUNG PAKLEK Nasi Rawon Daging Sapi , Nasi goreng Ayam","WARUNG PAKLEK Nasi Rawon Daging Sapi , Nasi goreng Ayam  4,8(4)Makanan Sehat",,,Jl. Cibadak No.56Buka ⋅ Tutup pukul 11.00 ⋅ Buka kembali pukul 18.00,,"https://www.google.comhttps://www.google.com/maps/place/WARUNG+PAKLEK+Nasi+Rawon+Daging+Sapi+,+Nasi+goreng+Ayam/data=!4m7!3m6!1s0x2e68e623be13c591:0x7c3eb5fca3c9747a!8m2!3d-6.9217225!4d107.6022728!16s%2Fg%2F11dyzh2qx1!19sChIJkcUTviPmaC4RenTJo_y1Pnw?authuser=0&hl=id&rclk=1",Tidak
NASI GORENG BTG,"NASI GORENG BTG  4,0(4)Nasi Goreng",,,Jl. Moch. Toha No.192Buka ⋅ Tutup pukul 04.30,,https://www.google.comhttps://www.google.com/maps/place/NASI+GORENG+BTG/data=!4m7!3m6!1s0x2e68e9b0b5ed4b09:0x72873b7eb7731c5d!8m2!3d-6.9452248!4d107.6081641!16s%2Fg%2F11h64trps4!19sChIJCUvttbDpaC4RXRxzt347h3I?authuser=0&hl=id&rclk=1,Tidak
Nasi Goreng Mas Cha'ink,"Nasi Goreng Mas Cha'ink  4,7(6)Nasi Goreng",,,3J6J+3HGBuka 24 jam,,https://www.google.comhttps://www.google.com/maps/place/Nasi+Goreng+Mas+Cha%27ink/data=!4m7!3m6!1s0x2e68e94349470337:0xadd46fada74dddf0!8m2!3d-6.9398222!4d107.6314411!16s%2Fg%2F11fct49hsf!19sChIJNwNHSUPpaC4R8N1Np61v1K0?authuser=0&hl=id&rclk=1,Tidak
warung Nasi Goreng Si Boy,warung Nasi Goreng Si Boy  Tidak ada ulasanNasi Goreng,,,"3JQ5+824, Jl. Babakan Ciamis",,https://www.google.comhttps://www.google.com/maps/place/warung+Nasi+Goreng+Si+Boy/data=!4m7!3m6!1s0x2e68e780399b49f7:0x36f1784fddf7e6af!8m2!3d-6.9117386!4d107.6075763!16s%2Fg%2F11j2jlj8bs!19sChIJ90mbOYDnaC4Rr-b33U948TY?authuser=0&hl=id&rclk=1,Tidak
"WARUNG PAKLEK Nasi Rawon Daging Sapi , Nasi goreng Ayam","WARUNG PAKLEK Nasi Rawon Daging Sapi , Nasi goreng Ayam  4,8(4)Makanan Sehat",,,Jl. Cibadak No.56Buka ⋅ Tutup pukul 11.00 ⋅ Buka kembali pukul 18.00,,"https://www.google.comhttps://www.google.com/maps/place/WARUNG+PAKLEK+Nasi+Rawon+Daging+Sapi+,+Nasi+goreng+Ayam/data=!4m7!3m6!1s0x2e68e623be13c591:0x7c3eb5fca3c9747a!8m2!3d-6.9217225!4d107.6022728!16s%2Fg%2F11dyzh2qx1!19sChIJkcUTviPmaC4RenTJo_y1Pnw?authuser=0&hl=id&rclk=1",Tidak
Nasi Goreng Bandung Juara,"Nasi Goreng Bandung Juara  4,7(10)Nasi Goreng",,,Jl. Pahlawan No.45Tutup ⋅ Buka pukul 16.00,,https://www.google.comhttps://www.google.com/maps/place/Nasi+Goreng+Bandung+Juara/data=!4m7!3m6!1s0x2e68e73443ad631f:0xd216d8b3f48d0914!8m2!3d-6.8984818!4d107.6338315!16s%2Fg%2F11fn6tbbs7!19sChIJH2OtQzTnaC4RFAmN9LPYFtI?authuser=0&hl=id&rclk=1,Tidak
Nasi Goreng Bistik Sawah Kurung,"Nasi Goreng Bistik Sawah Kurung  4,3(1.114)",Jl. Moch. Ramdan No.77Tutup ⋅ Buka pukul 10.00,,$$Nasi Goreng,,https://www.google.comhttps://www.google.com/maps/place/Nasi+Goreng+Bistik+Sawah+Kurung/data=!4m7!3m6!1s0x2e68e88366dfb65d:0x498199412d275b36!8m2!3d-6.9359877!4d107.611593!16s%2Fg%2F11bzq3c0x_!19sChIJXbbfZoPoaC4RNlsnLUGZgUk?authuser=0&hl=id&rclk=1,Tidak
Nasi Goreng Nahdia Putri Berkah,"Nasi Goreng Nahdia Putri Berkah  5,0(1)Nasi Goreng",,,Jl. Baranang Siang No.104Buka ⋅ Tutup pukul 12.30 ⋅ Buka kembali pukul 17.00,,https://www.google.comhttps://www.google.com/maps/place/Nasi+Goreng+Nahdia+Putri+Berkah/data=!4m7!3m6!1s0x2e68e62d6cb6f76d:0x5c825c3697059019!8m2!3d-6.9195599!4d107.6211399!16s%2Fg%2F11fzf9pq47!19sChIJbfe2bC3maC4RGZAFlzZcglw?authuser=0&hl=id&rclk=1,Tidak
Nasi Goreng Ghifar,"Nasi Goreng Ghifar  4,6(80)Nasi Goreng",,,Gg. Sukapada I No.188Buka 24 jam,,https://www.google.comhttps://www.google.com/maps/place/Nasi+Goreng+Ghifar/data=!4m7!3m6!1s0x2e68e7960f0ccd8f:0x50e77958257f34a0!8m2!3d-6.9018244!4d107.6451206!16s%2Fg%2F11d_2nc95z!19sChIJj80MD5bnaC4RoDR_JVh551A?authuser=0&hl=id&rclk=1,Tidak
Nasi Goreng Mas Romi,"Nasi Goreng Mas Romi  4,9(12)Nasi Goreng",,,3JP2+X98Tutup ⋅ Buka pukul 17.00,,https://www.google.comhttps://www.google.com/maps/place/Nasi+Goreng+Mas+Romi/data=!4m7!3m6!1s0x2e68e7ba80e2bd65:0x78e9fc6357983588!8m2!3d-6.9125809!4d107.6009627!16s%2Fg%2F11f775z5wg!19sChIJZb3igLrnaC4RiDWYV2P86Xg?authuser=0&hl=id&rclk=1,Tidak
nasi goreng pungkur mas bambang,"nasi goreng pungkur mas bambang  4,8(47)Nasi Goreng",,,"3HGR+8CM, Gg. Pasantren",,https://www.google.comhttps://www.google.com/maps/place/nasi+goreng+pungkur+mas+bambang/data=!4m7!3m6!1s0x2e68e751e3981c8f:0xdd5825c3ac012bbf!8m2!3d-6.9241746!4d107.5910435!16s%2Fg%2F11j6fwyfdv!19sChIJjxyY41HnaC4RvysBrMMlWN0?authuser=0&hl=id&rclk=1,Tidak
NASI GORENG BTG,"NASI GORENG BTG  4,0(4)Nasi Goreng",,,Jl. Moch. Toha No.192Buka ⋅ Tutup pukul 04.30,,https://www.google.comhttps://www.google.com/maps/place/NASI+GORENG+BTG/data=!4m7!3m6!1s0x2e68e9b0b5ed4b09:0x72873b7eb7731c5d!8m2!3d-6.9452248!4d107.6081641!16s%2Fg%2F11h64trps4!19sChIJCUvttbDpaC4RXRxzt347h3I?authuser=0&hl=id&rclk=1,Tidak
Nasi Goreng Mas Cha'ink,"Nasi Goreng Mas Cha'ink  4,7(6)Nasi Goreng",,,3J6J+3HGBuka 24 jam,,https://www.google.comhttps://www.google.com/maps/place/Nasi+Goreng+Mas+Cha%27ink/data=!4m7!3m6!1s0x2e68e94349470337:0xadd46fada74dddf0!8m2!3d-6.9398222!4d107.6314411!16s%2Fg%2F11fct49hsf!19sChIJNwNHSUPpaC4R8N1Np61v1K0?authuser=0&hl=id&rclk=1,Tidak
Nasi Goreng PR,"Nasi Goreng PR  4,7(3)Nasi Goreng",,,Jl. HomanTutup ⋅ Buka pukul 17.00,,https://www.google.comhttps://www.google.com/maps/place/Nasi+Goreng+PR/data=!4m7!3m6!1s0x2e68e7e57a041387:0x3e02b954bea0497b!8m2!3d-6.9218078!4d107.6098793!16s%2Fg%2F11lfbhrwgr!19sChIJhxMEeuXnaC4Re0mgvlS5Aj4?authuser=0&hl=id&rclk=1,Tidak
KEDAI Dimsum+seblak+cilok+cemilan BANDUNG siap saji+nasi goreng+aneka makanan Aci&telur Udaynana@2022/HAZZAR/Jablay Alay,"KEDAI Dimsum+seblak+cilok+cemilan BANDUNG siap saji+nasi goreng+aneka makanan Aci&telur Udaynana@2022/HAZZAR/Jablay Alay  5,0(1)Restoran",,,Jl. Gudang Selatan No.37Buka 24 jam,,https://www.google.comhttps://www.google.com/maps/place/KEDAI+Dimsum%2Bseblak%2Bcilok%2Bcemilan+BANDUNG+siap+saji%2Bnasi+goreng%2Baneka+makanan+Aci%26telur+Udaynana@2022%2FHAZZAR%2FJablay+Alay/data=!4m7!3m6!1s0x2e68e728f13dfb7b:0xb7a5b9fbbbdee27b!8m2!3d-6.9177826!4d107.6229225!16s%2Fg%2F11sf6q70jn!19sChIJe_s98SjnaC4Re-Leu_u5pbc?authuser=0&hl=id&rclk=1,Tidak
Nasi Goreng mbah kakung,"Nasi Goreng mbah kakung  5,0(1)Brunch",,,"3JJ5+2JF, Jl. Dr. Ir. Sukarno",,https://www.google.comhttps://www.google.com/maps/place/Nasi+Goreng+mbah+kakung/data=!4m7!3m6!1s0x2e68e725e15c1533:0x21a1874bad6f8a8b!8m2!3d-6.9199426!4d107.6090316!16s%2Fg%2F11krptpvv5!19sChIJMxVc4SXnaC4Ri4pvrUuHoSE?authuser=0&hl=id&rclk=1,Tidak
Nasi Goreng Portal GG,"Nasi Goreng Portal GG  4,7(340)","gor citra arena, Jl. Cikutra sebrang masjid baitunnur No.201 SampingTutup ⋅ Buka pukul 17.00",,$Nasi Goreng,,https://www.google.comhttps://www.google.com/maps/place/Nasi+Goreng+Portal+GG/data=!4m7!3m6!1s0x2e68e7a30cb78477:0x260d2c7ff064acbb!8m2!3d-6.8940065!4d107.6407941!16s%2Fg%2F11gbzb4ncq!19sChIJd4S3DKPnaC4Ru6xk8H8sDSY?authuser=0&hl=id&rclk=1,Tidak
Nasi Goreng Ato,"Nasi Goreng Ato  4,5(22)Nasi Goreng",,,Jl. Madura No.RT.02/RT.07Tutup ⋅ Buka Sen pukul 18.00,,https://www.google.comhttps://www.google.com/maps/place/Nasi+Goreng+Ato/data=!4m7!3m6!1s0x2e68e64a8c13d695:0x184f4c2bb3e58fb6!8m2!3d-6.9065743!4d107.6189622!16s%2Fg%2F11c72yd3fb!19sChIJldYTjErmaC4Rto_lsytMTxg?authuser=0&hl=id&rclk=1,Tidak
Nasi Goreng Bang Jack,"Nasi Goreng Bang Jack  4,3(7)Nasi Goreng",,,3JWC+33M,,https://www.google.comhttps://www.google.com/maps/place/Nasi+Goreng+Bang+Jack/data=!4m7!3m6!1s0x2e68e7ffa58f1489:0x3be7f0a9f127f50!8m2!3d-6.9047998!4d107.6201706!16s%2Fg%2F11h8dwpssz!19sChIJiRSPpf_naC4RUH8Snwp_vgM?authuser=0&hl=id&rclk=1,Tidak
NASI GORENG ZIDNIY JAYA,"NASI GORENG ZIDNIY JAYA  5,0(13)Nasi Goreng",,,Gg. Mukalmi No.111/86 RT./Rw/RW.006/03Buka 24 jam,,https://www.google.comhttps://www.google.com/maps/place/NASI+GORENG+ZIDNIY+JAYA/data=!4m7!3m6!1s0x2e68e7511e24d0e1:0xf6c92a0a85505714!8m2!3d-6.9203154!4d107.589864!16s%2Fg%2F11pvqsx06t!19sChIJ4dAkHlHnaC4RFFdQhQoqyfY?authuser=0&hl=id&rclk=1,Tidak
Nasi Goreng Rempah Mafia Dipati Ukur,"Nasi Goreng Rempah Mafia Dipati Ukur  4,2(4.046)",Jl. Dipati Ukur No.51ATutup ⋅ Buka pukul 10.00,,$$Nasi Goreng,,https://www.google.comhttps://www.google.com/maps/place/Nasi+Goreng+Rempah+Mafia+Dipati+Ukur/data=!4m7!3m6!1s0x2e68e6538a002931:0x6c199ff7e03ffcbc!8m2!3d-6.8918577!4d107.6173471!16s%2Fg%2F11b60tllq6!19sChIJMSkAilPmaC4RvPw_4PefGWw?authuser=0&hl=id&rclk=1,Tidak
Nasi Goreng spesial Mang Dragon,"Nasi Goreng spesial Mang Dragon  4,8(46)Nasi Goreng",,,Jl. Terusan Pasirkoja No.100Tutup ⋅ Buka pukul 17.00,,https://www.google.comhttps://www.google.com/maps/place/Nasi+Goreng+spesial+Mang+Dragon/data=!4m7!3m6!1s0x2e68e61ef5cd8a3d:0x9c349d76b59ca5a1!8m2!3d-6.9261234!4d107.5937639!16s%2Fg%2F11g9qd6cgw!19sChIJPYrN9R7maC4RoaWctXadNJw?authuser=0&hl=id&rclk=1,Tidak
Nasi Goreng Mas Ipin,"Nasi Goreng Mas Ipin  4,7(27)Nasi Goreng",,,Jl. Dalem Kaum No.132Tutup ⋅ Buka pukul 10.00,,https://www.google.comhttps://www.google.com/maps/place/Nasi+Goreng+Mas+Ipin/data=!4m7!3m6!1s0x2e68e62f4acd0c5f:0x55c8fa2d884c2aac!8m2!3d-6.9230514!4d107.6112171!16s%2Fg%2F11f04drvb1!19sChIJXwzNSi_maC4RrCpMiC36yFU?authuser=0&hl=id&rclk=1,Tidak
warung Nasi Goreng Si Boy,warung Nasi Goreng Si Boy  Tidak ada ulasanNasi Goreng,,,"3JQ5+824, Jl. Babakan Ciamis",,https://www.google.comhttps://www.google.com/maps/place/warung+Nasi+Goreng+Si+Boy/data=!4m7!3m6!1s0x2e68e780399b49f7:0x36f1784fddf7e6af!8m2!3d-6.9117386!4d107.6075763!16s%2Fg%2F11j2jlj8bs!19sChIJ90mbOYDnaC4Rr-b33U948TY?authuser=0&hl=id&rclk=1,Tidak
Nasi Goreng Mas Jem,"Nasi Goreng Mas Jem  4,4(14)Nasi Goreng",,,Jl. MaskumambangTutup ⋅ Buka pukul 17.30,,https://www.google.comhttps://www.google.com/maps/place/Nasi+Goreng+Mas+Jem/data=!4m7!3m6!1s0x2e68e87cf2a8ec83:0xbdd4ff351c573d4d!8m2!3d-6.9359755!4d107.626039!16s%2Fg%2F11d_8gvthq!19sChIJg-yo8nzoaC4RTT1XHDX_1L0?authuser=0&hl=id&rclk=1,Tidak
Nasi Goreng BKT cabang Kalisquare Bandung Indah Plaza,"Nasi Goreng BKT cabang Kalisquare Bandung Indah Plaza  4,6(7)Nasi Goreng",,,3JR6+PRRTutup ⋅ Buka pukul 10.00,,https://www.google.comhttps://www.google.com/maps/place/Nasi+Goreng+BKT+cabang+Kalisquare+Bandung+Indah+Plaza/data=!4m7!3m6!1s0x2e68e637c9df4295:0x563c857642e978c!8m2!3d-6.9081333!4d107.6120176!16s%2Fg%2F11gg4g1hnm!19sChIJlULfyTfmaC4RjJcuZFfIYwU?authuser=0&hl=id&rclk=1,Tidak
Nasi Goreng Merakyat - Martadinata,"Nasi Goreng Merakyat - Martadinata  5,0(21)Nasi Goreng",,,Jl. L. L. R.E. Martadinata No.12aTutup ⋅ Buka pukul 10.00,,https://www.google.comhttps://www.google.com/maps/place/Nasi+Goreng+Merakyat+-+Martadinata/data=!4m7!3m6!1s0x2e68e7aa3e307157:0x7d5c89296cc3ad64!8m2!3d-6.9071048!4d107.6100858!16s%2Fg%2F11r2__9csf!19sChIJV3EwPqrnaC4RZK3DbCmJXH0?authuser=0&hl=id&rclk=1,Tidak
Nasi Goreng 73,Nasi Goreng 73  Tidak ada ulasanMakanan Sehat,,,Jl. Babakan Ciamis Kelurahan No.73,,https://www.google.comhttps://www.google.com/maps/place/Nasi+Goreng+73/data=!4m7!3m6!1s0x2e68e72a4d8b621b:0x483f8883a740641c!8m2!3d-6.9095077!4d107.6066748!16s%2Fg%2F11jbc_g3qp!19sChIJG2KLTSrnaC4RHGRAp4OIP0g?authuser=0&hl=id&rclk=1,Tidak
Nasi Goreng ZebbotZ Riau,"Nasi Goreng ZebbotZ Riau  4,4(45)Nasi Goreng",,,Jl. Ternate No.29Tutup ⋅ Buka pukul 16.00,,https://www.google.comhttps://www.google.com/maps/place/Nasi+Goreng+ZebbotZ+Riau/data=!4m7!3m6!1s0x2e68e7a0ea85270d:0xa66e045af3712105!8m2!3d-6.9071419!4d107.613831!16s%2Fg%2F11gj0w2z30!19sChIJDSeF6qDnaC4RBSFx81oEbqY?authuser=0&hl=id&rclk=1,Tidak
Nasi Goreng Mario,Nasi Goreng Mario  Tidak ada ulasanRestoran,,,Jl. Asia Afrika No.44,,https://www.google.comhttps://www.google.com/maps/place/Nasi+Goreng+Mario/data=!4m7!3m6!1s0x2e68e754af4e55a3:0xddec40f78fd7601b!8m2!3d-6.9210465!4d107.6052015!16s%2Fg%2F11s2l5c2nl!19sChIJo1VOr1TnaC4RG2DXj_dA7N0?authuser=0&hl=id&rclk=1,Tidak
NASI GORENG TONGKENG,"NASI GORENG TONGKENG  5,0(2)Nasi Goreng",,,Jl. Tongkeng No.5,,https://www.google.comhttps://www.google.com/maps/place/NASI+GORENG+TONGKENG/data=!4m7!3m6!1s0x2e68e74e4f9f2d95:0xeeecd004512b2a5a!8m2!3d-6.9119422!4d107.6231586!16s%2Fg%2F11tnjzz_4r!19sChIJlS2fT07naC4RWiorUQTQ7O4?authuser=0&hl=id&rclk=1,Tidak
Nasi Goreng Aep's,"Nasi Goreng Aep's  4,1(3.197)",Jl. Dr. Setiabudi No.143Buka 24 jam,,$$Nasi Goreng,,https://www.google.comhttps://www.google.com/maps/place/Nasi+Goreng+Aep%27s/data=!4m7!3m6!1s0x2e68e697b1e83d43:0x90d405eba7a05d4f!8m2!3d-6.869938!4d107.5933817!16s%2Fg%2F1tjbjq4k!19sChIJQz3osZfmaC4RT12gp-sF1JA?authuser=0&hl=id&rclk=1,Tidak
Pondok Nasi Goreng Cak Jali,"Pondok Nasi Goreng Cak Jali  4,5(283)","4J26+HJ2, Jl. CikapayangTutup ⋅ Buka pukul 17.00",,$Nasi Goreng,,https://www.google.comhttps://www.google.com/maps/place/Pondok+Nasi+Goreng+Cak+Jali/data=!4m7!3m6!1s0x2e68e64fbf66b97d:0x560e97625c396add!8m2!3d-6.8986236!4d107.6115091!16s%2Fg%2F11dxkvfyk0!19sChIJfblmv0_maC4R3Wo5XGKXDlY?authuser=0&hl=id&rclk=1,Tidak
Nasi Goreng Awih,"Nasi Goreng Awih  4,3(339)Nasi Goreng",,,Jl. Sadewa No.3ATutup ⋅ Buka pukul 16.30,,https://www.google.comhttps://www.google.com/maps/place/Nasi+Goreng+Awih/data=!4m7!3m6!1s0x2e68e66c9d776b97:0x77aa7d97162d5791!8m2!3d-6.9060386!4d107.5918187!16s%2Fg%2F11cllkdyq7!19sChIJl2t3nWzmaC4RkVctFpd9qnc?authuser=0&hl=id&rclk=1,Tidak
Nasi Goreng Gondrong Asli Tegal,"Nasi Goreng Gondrong Asli Tegal  4,5(4)Nasi Goreng",,,"3JC8+Q3Q, Jl. Cikawao",,https://www.google.comhttps://www.google.com/maps/place/Nasi+Goreng+Gondrong+Asli+Tegal/data=!4m7!3m6!1s0x2e68e8820756d4d7:0x29e7dc4f46c9195d!8m2!3d-6.928046!4d107.6152466!16s%2Fg%2F11hd51dq3s!19sChIJ19RWB4LoaC4RXRnJRk_c5yk?authuser=0&hl=id&rclk=1,Tidak
Nasi Goreng Pak Amad,"Nasi Goreng Pak Amad  4,2(45)Nasi Goreng",,,Jl. Pasir Kaliki No.52Tutup ⋅ Buka pukul 17.30,,https://www.google.comhttps://www.google.com/maps/place/Nasi+Goreng+Pak+Amad/data=!4m7!3m6!1s0x2e68e63e264a4f79:0xdcbdad809479cc34!8m2!3d-6.9113721!4d107.5980579!16s%2Fg%2F11g0gnqq59!19sChIJeU9KJj7maC4RNMx5lICtvdw?authuser=0&hl=id&rclk=1,Tidak
Nasi Goreng Top Pak Dadang,"Nasi Goreng Top Pak Dadang  4,1(7)Nasi Goreng",,,Jl. Suniaraja No.134Tutup ⋅ Buka pukul 18.00,,https://www.google.comhttps://www.google.com/maps/place/Nasi+Goreng+Top+Pak+Dadang/data=!4m7!3m6!1s0x2e68e63c893dfd43:0xb752bef968fb9331!8m2!3d-6.9160007!4d107.6028336!16s%2Fg%2F11c6ljjbdx!19sChIJQ_09iTzmaC4RMZP7aPm-Urc?authuser=0&hl=id&rclk=1,Tidak
Nasi goreng ragil,"Nasi goreng ragil  4,8(12)Nasi Goreng",,,Jl. Kebon Jati No.130Tutup ⋅ Buka pukul 17.00,,https://www.google.comhttps://www.google.com/maps/place/Nasi+goreng+ragil/data=!4m7!3m6!1s0x2e68e63c8c7f1faf:0x43842c4928ddd3b1!8m2!3d-6.9159661!4d107.6026427!16s%2Fg%2F11fxy0jqtz!19sChIJrx9_jDzmaC4RsdPdKEkshEM?authuser=0&hl=id&rclk=1,Tidak
Nasi Goreng Mas Yono,"Nasi Goreng Mas Yono  4,3(1.829)",Jl. Bungur No.41Tutup ⋅ Buka pukul 11.00,,$$Nasi Goreng,,https://www.google.comhttps://www.google.com/maps/place/Nasi+Goreng+Mas+Yono/data=!4m7!3m6!1s0x2e68e68d00000001:0x789096d359d26f52!8m2!3d-6.8782573!4d107.5938336!16s%2Fg%2F11d_v2t7jt!19sChIJAQAAAI3maC4RUm_SWdOWkHg?authuser=0&hl=id&rclk=1,Tidak
NASI GORENG CAK GUS,"NASI GORENG CAK GUS  5,0(1)Nasi Goreng",,,Jl. ABC No.47Tutup ⋅ Buka pukul 20.00,,https://www.google.comhttps://www.google.com/maps/place/NASI+GORENG+CAK+GUS/data=!4m7!3m6!1s0x2e68e76ac77f162d:0xef2b32e1f07f5d4e!8m2!3d-6.9186442!4d107.6054137!16s%2Fg%2F11p76258yy!19sChIJLRZ_x2rnaC4RTl1_8OEyK-8?authuser=0&hl=id&rclk=1,Tidak
Nasi Goreng Aceng,"Nasi Goreng Aceng  4,6(310)",Jl. Dursasana No.8Tutup ⋅ Buka pukul 17.00,,$Nasi Goreng,,https://www.google.comhttps://www.google.com/maps/place/Nasi+Goreng+Aceng/data=!4m7!3m6!1s0x2e68e66a16344b8b:0xa357f4b3a1159e30!8m2!3d-6.903639!4d107.5965525!16s%2Fg%2F11dxf3th2_!19sChIJi0s0FmrmaC4RMJ4VobP0V6M?authuser=0&hl=id&rclk=1,Tidak
Nasi Goreng Pak Kumis,"Nasi Goreng Pak Kumis  4,3(3)Nasi Goreng",,,Jl. Lombok No.9sTutup ⋅ Buka pukul 09.00,,https://www.google.comhttps://www.google.com/maps/place/Nasi+Goreng+Pak+Kumis/data=!4m7!3m6!1s0x2e68e75e05049b7d:0xfe67288a26a526f5!8m2!3d-6.912187!4d107.6181871!16s%2Fg%2F11f8kyvn_b!19sChIJfZsEBV7naC4R9SalJoooZ_4?authuser=0&hl=id&rclk=1,Tidak
Nasi Goreng Kasdut,"Nasi Goreng Kasdut  4,4(55)",4J2H+28V,,$Nasi Goreng,,https://www.google.comhttps://www.google.com/maps/place/Nasi+Goreng+Kasdut/data=!4m7!3m6!1s0x2e68e7b16fe9d3ed:0xecb6a520e28cd6d9!8m2!3d-6.899895!4d107.6282817!16s%2Fg%2F11d_1m0mf2!19sChIJ7dPpb7HnaC4R2daM4iCltuw?authuser=0&hl=id&rclk=1,Tidak
Nasi Goreng 97,"Nasi Goreng 97  4,0(2)Nasi Goreng",,,"No., Jl. BKR No.97",,https://www.google.comhttps://www.google.com/maps/place/Nasi+Goreng+97/data=!4m7!3m6!1s0x2e68e885f32ef653:0xff1d82830d93b586!8m2!3d-6.9380418!4d107.6142475!16s%2Fg%2F11bw4dnm0w!19sChIJU_Yu84XoaC4RhrWTDYOCHf8?authuser=0&hl=id&rclk=1,Tidak
nasi goreng total,"nasi goreng total  3,9(32)Nasi Goreng",,,3JW7+MJGTutup ⋅ Buka pukul 15.00,,https://www.google.comhttps://www.google.com/maps/place/nasi+goreng+total/data=!4m7!3m6!1s0x2e68e6493820e157:0xe0a7b0bafd21189f!8m2!3d-6.9032695!4d107.6140479!16s%2Fg%2F11f4pp2tb4!19sChIJV-EgOEnmaC4Rnxgh_bqwp-A?authuser=0&hl=id&rclk=1,Tidak
Nasi Goreng Bistik GS-97,"Nasi Goreng Bistik GS-97  4,6(55)Nasi Goreng",,,Jl. Gudang Selatan No.97Tutup ⋅ Buka pukul 12.00,,https://www.google.comhttps://www.google.com/maps/place/Nasi+Goreng+Bistik+GS-97/data=!4m7!3m6!1s0x2e68e70f52d2e63f:0xf290d2dea9edf24a!8m2!3d-6.9171068!4d107.6198429!16s%2Fg%2F11lpxp3prs!19sChIJP-bSUg_naC4RSvLtqd7SkPI?authuser=0&hl=id&rclk=1,Tidak
Nasi Goreng Mas Gondrong,"Nasi Goreng Mas Gondrong  4,4(21)Nasi Goreng",,,"3JR9+G63, Jl. AcehTutup ⋅ Buka pukul 16.30",,https://www.google.comhttps://www.google.com/maps/place/Nasi+Goreng+Mas+Gondrong/data=!4m7!3m6!1s0x2e68e635a3c23bcd:0xac083c3f13447930!8m2!3d-6.9087482!4d107.6180331!16s%2Fg%2F11f40pgp8_!19sChIJzTvCozXmaC4RMHlEEz88CKw?authuser=0&hl=id&rclk=1,Tidak
Nasi Goreng Boga Rasa,"Nasi Goreng Boga Rasa  4,6(19)Pujasera",,,Jl. Cibadak No.168 ATutup ⋅ Buka pukul 17.00,,https://www.google.comhttps://www.google.com/maps/place/Nasi+Goreng+Boga+Rasa/data=!4m7!3m6!1s0x2e68e62264d6a22b:0xa7fe60be176037ce!8m2!3d-6.921345!4d107.5987049!16s%2Fg%2F11g6ny5lcc!19sChIJK6LWZCLmaC4RzjdgF75g_qc?authuser=0&hl=id&rclk=1,Tidak
Nasi Goreng Si Gobing & Telor Kecap,"Nasi Goreng Si Gobing & Telor Kecap  3,6(5)Nasi Goreng",,,"3JR8+V9F, Jl. AmbonTutup ⋅ Buka pukul 17.30",,https://www.google.comhttps://www.google.com/maps/place/Nasi+Goreng+Si+Gobing+%26+Telor+Kecap/data=!4m7!3m6!1s0x2e68e75fb6faeb4d:0x78937c82957752ae!8m2!3d-6.9078187!4d107.6159136!16s%2Fg%2F11gxjx1gyp!19sChIJTev6tl_naC4RrlJ3lYJ8k3g?authuser=0&hl=id&rclk=1,Tidak
Nasi Goreng Mang Osso,"Nasi Goreng Mang Osso  5,0(1)China",,,"3JP8+27W, Jl. KalimantanTutup ⋅ Buka pukul 16.00",,https://www.google.comhttps://www.google.com/maps/place/Nasi+Goreng+Mang+Osso/data=!4m7!3m6!1s0x2e68e7474578e7a3:0x7ab224c59e125c4!8m2!3d-6.9148812!4d107.6157044!16s%2Fg%2F11p3bsdjln!19sChIJo-d4RUfnaC4RxCXhWUwiqwc?authuser=0&hl=id&rclk=1,Tidak
Nasi Goreng Mas Tio Bandung,"Nasi Goreng Mas Tio Bandung  5,0(2)Nasi Goreng",,,Jl. Pelajar Pejuang 45 No.56-48Tutup ⋅ Buka pukul 18.00,,https://www.google.comhttps://www.google.com/maps/place/Nasi+Goreng+Mas+Tio+Bandung/data=!4m7!3m6!1s0x2e68e9593525ea47:0xde83d34e72c1b441!8m2!3d-6.9311323!4d107.6258949!16s%2Fg%2F11fd76stj7!19sChIJR-olNVnpaC4RQbTBck7Tg94?authuser=0&hl=id&rclk=1,Tidak
Nasi Goreng Pak Yasin,"Nasi Goreng Pak Yasin  5,0(6)Nasi Goreng",,,Jl. HomanTutup ⋅ Buka pukul 19.00,,https://www.google.comhttps://www.google.com/maps/place/Nasi+Goreng+Pak+Yasin/data=!4m7!3m6!1s0x2e68e7b7dfd8de55:0x8bdf32225e42f30e!8m2!3d-6.9216011!4d107.6099162!16s%2Fg%2F11jrrg3_n_!19sChIJVd7Y37fnaC4RDvNCXiIy34s?authuser=0&hl=id&rclk=1,Tidak
Nasi Goreng Podo Mampir,"Nasi Goreng Podo Mampir  5,0(3)Nasi Goreng",,,jl kesantriaan No.2Tutup ⋅ Buka pukul 04.30,,https://www.google.comhttps://www.google.com/maps/place/Nasi+Goreng+Podo+Mampir/data=!4m7!3m6!1s0x2e68e74b9fee85b9:0x77f4db49ada8e0b2!8m2!3d-6.9128007!4d107.604047!16s%2Fg%2F11fnphb6wm!19sChIJuYXun0vnaC4RsuCorUnb9Hc?authuser=0&hl=id&rclk=1,Tidak
Nasi Goreng Pete Makyus,"Nasi Goreng Pete Makyus  4,4(17)Nasi Goreng",,,Jl. Gardujati No.62Tutup ⋅ Buka pukul 17.00,,https://www.google.comhttps://www.google.com/maps/place/Nasi+Goreng+Pete+Makyus/data=!4m7!3m6!1s0x2e68e7505b2e4371:0x58ca9eb07d74162e!8m2!3d-6.9179103!4d107.5983847!16s%2Fg%2F11j0qpcwz7!19sChIJcUMuW1DnaC4RLhZ0fbCeylg?authuser=0&hl=id&rclk=1,Tidak
Nasi Goreng Kambing Putra Banyumas,"Nasi Goreng Kambing Putra Banyumas  5,0(5)Nasi Goreng",,,"ITC Kosambi, dpan, Jl. Baranang SiangTutup ⋅ Buka pukul 17.00",,https://www.google.comhttps://www.google.com/maps/place/Nasi+Goreng+Kambing+Putra+Banyumas/data=!4m7!3m6!1s0x2e68e62d4470bda7:0x34de54b6711916b8!8m2!3d-6.9191232!4d107.6206749!16s%2Fg%2F11f4pn4t05!19sChIJp71wRC3maC4RuBYZcbZU3jQ?authuser=0&hl=id&rclk=1,Tidak
Nasi Goreng Dapur Hanny,"Nasi Goreng Dapur Hanny  5,0(3)Restoran",,,Jl. Suniaraja No.23Tutup ⋅ Buka pukul 11.00,,https://www.google.comhttps://www.google.com/maps/place/Nasi+Goreng+Dapur+Hanny/data=!4m7!3m6!1s0x2e68e7b28f009e61:0x9a73818cd55b9d6!8m2!3d-6.9162671!4d107.6081446!16s%2Fg%2F11rtnjcrln!19sChIJYZ4Aj7LnaC4R1rlVzRg4pwk?authuser=0&hl=id&rclk=1,Tidak
nasi goreng mang ade,nasi goreng mang ade  Tidak ada ulasanNasi Goreng,,,Jl. Kebon Sirih No.11-17Tutup ⋅ Buka pukul 17.00,,https://www.google.comhttps://www.google.com/maps/place/nasi+goreng+mang+ade/data=!4m7!3m6!1s0x2e68e75b67f3a2df:0x9370b3cbe2403745!8m2!3d-6.9113845!4d107.6063228!16s%2Fg%2F11gr44vssb!19sChIJ36LzZ1vnaC4RRTdA4suzcJM?authuser=0&hl=id&rclk=1,Tidak
Nasi Goreng Mas Cipto,"Nasi Goreng Mas Cipto  4,8(16)Nasi Goreng",,,Jl. Sadakeling No.23Tutup ⋅ Buka pukul 17.00,,https://www.google.comhttps://www.google.com/maps/place/Nasi+Goreng+Mas+Cipto/data=!4m7!3m6!1s0x2e68e881c55394e9:0xde15a3be7ee55310!8m2!3d-6.927907!4d107.61885!16s%2Fg%2F11c2kdmm9j!19sChIJ6ZRTxYHoaC4REFPlfr6jFd4?authuser=0&hl=id&rclk=1,Tidak
Nasi Goreng Si Jalu,"Nasi Goreng Si Jalu  5,0(2)Indonesia",,,"MD Plaza Lantai 3A, Jalan Dalem Kaum No 48, BandungTutup ⋅ Buka pukul 09.00",,https://www.google.comhttps://www.google.com/maps/place/Nasi+Goreng+Si+Jalu/data=!4m7!3m6!1s0x2e68e62424d5b9df:0x4371a13021caed60!8m2!3d-6.922589!4d107.605802!16s%2Fg%2F11bzs55s_x!19sChIJ37nVJCTmaC4RYO3KITChcUM?authuser=0&hl=id&rclk=1,Tidak
Nasi Goreng Jambalaya,"Nasi Goreng Jambalaya  5,0(1)Nasi Goreng",,,3JM9+3RVTutup ⋅ Buka pukul 15.00,,https://www.google.comhttps://www.google.com/maps/place/Nasi+Goreng+Jambalaya/data=!4m7!3m6!1s0x2e68e705871dc10d:0x837e00abfe9c422b!8m2!3d-6.91726!4d107.6195541!16s%2Fg%2F11q8tnv3zg!19sChIJDcEdhwXnaC4RK0Kc_qsAfoM?authuser=0&hl=id&rclk=1,Tidak
Nasi Goreng Kalam Kudus,"Nasi Goreng Kalam Kudus  5,0(9)Nasi Goreng",,,Jl. Ibu Inggit Garnasih No.108Tutup ⋅ Buka pukul 09.00,,https://www.google.comhttps://www.google.com/maps/place/Nasi+Goreng+Kalam+Kudus/data=!4m7!3m6!1s0x2e68e99df446ac6b:0x34311c254dea1cfa!8m2!3d-6.9323148!4d107.608612!16s%2Fg%2F11fm4ht9fg!19sChIJa6xG9J3paC4R-hzqTSUcMTQ?authuser=0&hl=id&rclk=1,Tidak
Mie Godok & Nasi Goreng Gg. Kote,"Mie Godok & Nasi Goreng Gg. Kote  4,0(2)Nasi Goreng",,,Jl. Cibadak No.17Tutup ⋅ Buka pukul 18.00,,https://www.google.comhttps://www.google.com/maps/place/Mie+Godok+%26+Nasi+Goreng+Gg.+Kote/data=!4m7!3m6!1s0x2e68e76e4c84675f:0x7f2d05b66cad3623!8m2!3d-6.9220821!4d107.6034403!16s%2Fg%2F11f62fs04w!19sChIJX2eETG7naC4RIzatbLYFLX8?authuser=0&hl=id&rclk=1,Tidak
Nasi Goreng 28 Mas Joko,"Nasi Goreng 28 Mas Joko  4,4(48)",Jl. Cisadea No.28Tutup ⋅ Buka pukul 17.00,,$Nasi Goreng,,https://www.google.comhttps://www.google.com/maps/place/Nasi+Goreng+28+Mas+Joko/data=!4m7!3m6!1s0x2e68e7c809c5a6d5:0xf93b7449d464ac3c!8m2!3d-6.9075318!4d107.6333232!16s%2Fg%2F11bx1cbmxk!19sChIJ1abFCcjnaC4RPKxk1El0O_k?authuser=0&hl=id&rclk=1,Tidak
Nasi Goreng Mas Boyke 88,"Nasi Goreng Mas Boyke 88  4,7(97)Nasi Goreng",,,"3HVR+3JV, Jl. PajajaranTutup ⋅ Buka pukul 17.00",,https://www.google.comhttps://www.google.com/maps/place/Nasi+Goreng+Mas+Boyke+88/data=!4m7!3m6!1s0x2e68e66ca3d9de51:0x87047e2c3579663e!8m2!3d-6.9072628!4d107.59155!16s%2Fg%2F11g9gjllqz!19sChIJUd7Zo2zmaC4RPmZ5NSx-BIc?authuser=0&hl=id&rclk=1,Tidak
Nasi Goreng Kebora,"Nasi Goreng Kebora  4,7(10)Nasi Goreng",,,Jl. Gudang SelatanTutup ⋅ Buka Sen pukul 12.00,,https://www.google.comhttps://www.google.com/maps/place/Nasi+Goreng+Kebora/data=!4m7!3m6!1s0x2e68e722f03cafd7:0xb5d7e38248b78cc5!8m2!3d-6.9174876!4d107.6214742!16s%2Fg%2F11qrbp90_f!19sChIJ16888CLnaC4RxYy3SILj17U?authuser=0&hl=id&rclk=1,Tidak
Nasi Goreng Nasi Gila,"Nasi Goreng Nasi Gila  4,6(23)Nasi Goreng",,,Jl. Solontongan No.4Tutup ⋅ Buka pukul 18.00,,https://www.google.comhttps://www.google.com/maps/place/Nasi+Goreng+Nasi+Gila/data=!4m7!3m6!1s0x2e68e8630d423355:0xfba46feb08705809!8m2!3d-6.9398235!4d107.6260449!16s%2Fg%2F11dxcvqzl_!19sChIJVTNCDWPoaC4RCVhwCOtvpPs?authuser=0&hl=id&rclk=1,Tidak
Nasi goreng Purnawarman,"Nasi goreng Purnawarman  5,0(2)Nasi Goreng",,,Jl. Purnawarman No.36Tutup ⋅ Buka pukul 16.00,,https://www.google.comhttps://www.google.com/maps/place/Nasi+goreng+Purnawarman/data=!4m7!3m6!1s0x2e68e647e132058d:0x23410a6dffac25a9!8m2!3d-6.9072835!4d107.6094441!16s%2Fg%2F11c1rf9rxm!19sChIJjQUy4UfmaC4RqSWs_20KQSM?authuser=0&hl=id&rclk=1,Tidak
Nasi Goreng Bistik Mbak Sum,Nasi Goreng Bistik Mbak Sum  Tidak ada ulasanIndonesia,,,"Blok FF Lantai 1 No. 42-43 Pasar Cikapundung Gedung CEC, Jl. ABCTutup ⋅ Buka pukul 18.00",,https://www.google.comhttps://www.google.com/maps/place/Nasi+Goreng+Bistik+Mbak+Sum/data=!4m7!3m6!1s0x2e68e729ee922863:0x23ee576f1c72e077!8m2!3d-6.919906!4d107.6083562!16s%2Fg%2F11t29n54bt!19sChIJYyiS7innaC4Rd-ByHG9X7iM?authuser=0&hl=id&rclk=1,Tidak
Nasi Goreng Banteng Si Paman,"Nasi Goreng Banteng Si Paman  4,4(80)Nasi Goreng",,,Jl. K.H. Ahmad Dahlan No.112Tutup ⋅ Buka pukul 17.00,,https://www.google.comhttps://www.google.com/maps/place/Nasi+Goreng+Banteng+Si+Paman/data=!4m7!3m6!1s0x2e68e87db24aa47b:0x53d03089b805c82f!8m2!3d-6.9345523!4d107.6241087!16s%2Fg%2F11dfj96_4f!19sChIJe6RKsn3oaC4RL8gFuIkw0FM?authuser=0&hl=id&rclk=1,Tidak
Nasi Goreng Imam,"Nasi Goreng Imam  4,0(3)Nasi Goreng",,,Jl. Burangrang No. 21 BurangrangTutup ⋅ Buka pukul 07.00,,https://www.google.comhttps://www.google.com/maps/place/Nasi+Goreng+Imam/data=!4m7!3m6!1s0x2e68e62ab2e274e5:0x5df72040742ca565!8m2!3d-6.9247167!4d107.6200276!16s%2Fg%2F11h0ccz9d!19sChIJ5XTisirmaC4RZaUsdEAg910?authuser=0&hl=id&rclk=1,Tidak
Nasi goreng yonan,"Nasi goreng yonan  3,4(5)Nasi Goreng",,,"Jl. Baranang Siang No.Gang, RT.07/RW.10Tutup ⋅ Buka pukul 19.00",,https://www.google.comhttps://www.google.com/maps/place/Nasi+goreng+yonan/data=!4m7!3m6!1s0x2e68e76b70f41735:0xcf2b03c4ab9c98c2!8m2!3d-6.9174028!4d107.6196605!16s%2Fg%2F11sxwkb2rc!19sChIJNRf0cGvnaC4Rwpicq8QDK88?authuser=0&hl=id&rclk=1,Tidak
Nasi goreng babi,"Nasi goreng babi  4,7(12)Nasi Goreng",,,Jl. Kelenteng No.26Tutup ⋅ Buka Sen pukul 18.00,,https://www.google.comhttps://www.google.com/maps/place/Nasi+goreng+babi/data=!4m7!3m6!1s0x2e68e76b78e0bd67:0x7ac07a4c4dbbb887!8m2!3d-6.9180704!4d107.593201!16s%2Fg%2F11h1dnf1q4!19sChIJZ73geGvnaC4Rh7i7TUx6wHo?authuser=0&hl=id&rclk=1,Tidak
Nasi Goreng Solo,"Nasi Goreng Solo  4,6(261)",Jl. Cikutra Barat No.87Tutup ⋅ Buka pukul 16.00,,$Nasi Goreng,,https://www.google.comhttps://www.google.com/maps/place/Nasi+Goreng+Solo/data=!4m7!3m6!1s0x2e68e7b04479f205:0xef8fa1f793110765!8m2!3d-6.8920257!4d107.6299382!16s%2Fg%2F11b6h_cqwf!19sChIJBfJ5RLDnaC4RZQcRk_ehj-8?authuser=0&hl=id&rclk=1,Tidak
NASI GORENG MONGGO,"NASI GORENG MONGGO  4,7(3)Nasi Goreng",,,"3JJF+54R, Jl. A. YaniTutup ⋅ Buka pukul 17.00",,https://www.google.comhttps://www.google.com/maps/place/NASI+GORENG+MONGGO/data=!4m7!3m6!1s0x2e68e7a4e2b3f4f1:0x99a0010968b61658!8m2!3d-6.9195163!4d107.6227722!16s%2Fg%2F11gjxv5n7c!19sChIJ8fSz4qTnaC4RWBa2aAkBoJk?authuser=0&hl=id&rclk=1,Tidak
Nasi Goreng Rempah Mafia,"Nasi Goreng Rempah Mafia  3,5(6)Nasi Goreng",,,"pegadaian syariah, Jl. Sadakeling.18A,belakang no 18Tutup ⋅ Buka pukul 14.30",,https://www.google.comhttps://www.google.com/maps/place/Nasi+Goreng+Rempah+Mafia/data=!4m7!3m6!1s0x2e68e9eabae166eb:0xcfda78de5264bcd0!8m2!3d-6.9282437!4d107.6189683!16s%2Fg%2F11r3bm3cm9!19sChIJ62bhuurpaC4R0LxkUt542s8?authuser=0&hl=id&rclk=1,Tidak
Nasi Goreng Aliya,"Nasi Goreng Aliya  4,6(71)",Jl. Sukagalih IITutup ⋅ Buka pukul 17.30,,$Nasi Goreng,,https://www.google.comhttps://www.google.com/maps/place/Nasi+Goreng+Aliya/data=!4m7!3m6!1s0x2e68e660d7ee65b5:0x4c8f687ec17bc1fb!8m2!3d-6.892079!4d107.5949213!16s%2Fg%2F11f2bdc8_f!19sChIJtWXu12DmaC4R-8F7wX5oj0w?authuser=0&hl=id&rclk=1,Tidak
Nasi Goreng Juventus,"Nasi Goreng Juventus  4,6(36)Nasi Goreng",,,Jl. Muararajeun Baru No.29Tutup ⋅ Buka pukul 17.00,,https://www.google.comhttps://www.google.com/maps/place/Nasi+Goreng+Juventus/data=!4m7!3m6!1s0x2e68e7b6500ed2ab:0x199c462c89074efe!8m2!3d-6.9048815!4d107.6295739!16s%2Fg%2F11g6mb9r2n!19sChIJq9IOULbnaC4R_k4HiSxGnBk?authuser=0&hl=id&rclk=1,Tidak
Nasi Goreng Samcan AHIEN,"Nasi Goreng Samcan AHIEN  4,1(29)Nasi Goreng",,,Jl. Cibadak No.160Tutup ⋅ Buka pukul 18.00,,https://www.google.comhttps://www.google.com/maps/place/Nasi+Goreng+Samcan+AHIEN/data=!4m7!3m6!1s0x2e68e7ed9393b7b9:0xa13d578b5a0d25db!8m2!3d-6.9213885!4d107.5990197!16s%2Fg%2F11j3v62ryj!19sChIJubeTk-3naC4R2yUNWotXPaE?authuser=0&hl=id&rclk=1,Tidak
Nasi Goreng De Raka,"Nasi Goreng De Raka  5,0(4)Nasi Goreng",,,Jl. Moch. Toha No.339,,https://www.google.comhttps://www.google.com/maps/place/Nasi+Goreng+De+Raka/data=!4m7!3m6!1s0x2e68e9c354699395:0x518f9b9d416618f7!8m2!3d-6.9533832!4d107.6112049!16s%2Fg%2F11h3m7t1dm!19sChIJlZNpVMPpaC4R9xhmQZ2bj1E?authuser=0&hl=id&rclk=1,Tidak
Nasi Goreng Mas Wowo,"Nasi Goreng Mas Wowo  5,0(3)Nasi Goreng",,,Jl. Jembatan Opat No.17-31,,https://www.google.comhttps://www.google.com/maps/place/Nasi+Goreng+Mas+Wowo/data=!4m7!3m6!1s0x2e68e743009603c3:0xd57b3b4b561b872e!8m2!3d-6.9237231!4d107.6422144!16s%2Fg%2F11qrkx2lwh!19sChIJwwOWAEPnaC4RLocbVks7e9U?authuser=0&hl=id&rclk=1,Tidak
"Nasi goreng mas arif brewok,Regol","Nasi goreng mas arif brewok,Regol  5,0(3)Nasi Goreng",,,Jl. Pungkur No.11Tutup ⋅ Buka pukul 15.45,,"https://www.google.comhttps://www.google.com/maps/place/Nasi+goreng+mas+arif+brewok,Regol/data=!4m7!3m6!1s0x2e68e7d2d033c9f9:0x36736a08175183bc!8m2!3d-6.9270864!4d107.6041772!16s%2Fg%2F11hm0qy49p!19sChIJ-ckz0NLnaC4RvINRFwhqczY?authuser=0&hl=id&rclk=1",Tidak
Nasi Goreng Dago - Enak! No Debat,"Nasi Goreng Dago - Enak! No Debat  4,5(2)Nasi Goreng",,,Jl. Ranggamalela No.1Tutup ⋅ Buka pukul 17.00,,https://www.google.comhttps://www.google.com/maps/place/Nasi+Goreng+Dago+-+Enak!+No+Debat/data=!4m7!3m6!1s0x2e68e7f07f173a4d:0xf4308f93a75b6326!8m2!3d-6.9022709!4d107.6109642!16s%2Fg%2F11pq61pd3q!19sChIJTToXf_DnaC4RJmNbp5OPMPQ?authuser=0&hl=id&rclk=1,Tidak
Nasi Goreng Babi Samcan Crispy,"Nasi Goreng Babi Samcan Crispy  4,4(8)Nasi Goreng",,,Jl. Jend. Sudirman No.113,,https://www.google.comhttps://www.google.com/maps/place/Nasi+Goreng+Babi+Samcan+Crispy/data=!4m7!3m6!1s0x2e68e7429f428e97:0x9fdde2491dd50dac!8m2!3d-6.9206928!4d107.6006331!16s%2Fg%2F11q1jsl9qh!19sChIJl45Cn0LnaC4RrA3VHUni3Z8?authuser=0&hl=id&rclk=1,Tidak
Nasi Goreng simboke,Nasi Goreng simboke  Tidak ada ulasanNasi Goreng,,,Jl Raya saarTutup ⋅ Buka pukul 17.00,,https://www.google.comhttps://www.google.com/maps/place/Nasi+Goreng+simboke/data=!4m7!3m6!1s0x2e68e7e687958d37:0x2826e72227ac4ef9!8m2!3d-6.9174765!4d107.6191593!16s%2Fg%2F11tt34jh4l!19sChIJN42Vh-bnaC4R-U6sJyLnJig?authuser=0&hl=id&rclk=1,Tidak
Nasi Goreng Dona,"Nasi Goreng Dona  4,4(276)",Jl. Tubagus Ismail No.26Tutup ⋅ Buka pukul 10.00,,$Nasi Goreng,,https://www.google.comhttps://www.google.com/maps/place/Nasi+Goreng+Dona/data=!4m7!3m6!1s0x2e68e6ff0d1f7bd3:0x5ccb5da27440c554!8m2!3d-6.8851436!4d107.618111!16s%2Fg%2F11bbx0fxb4!19sChIJ03sfDf_maC4RVMVAdKJdy1w?authuser=0&hl=id&rclk=1,Tidak
Nasi goreng kebuli bang ali bandung,"Nasi goreng kebuli bang ali bandung  5,0(17)Nasi Goreng",,,Jl ters jakarta No.32Tutup ⋅ Buka Sen pukul 18.00,,https://www.google.comhttps://www.google.com/maps/place/Nasi+goreng+kebuli+bang+ali+bandung/data=!4m7!3m6!1s0x2e68e78d2b6ca1a3:0x5b3172683862b8be!8m2!3d-6.9146244!4d107.6388036!16s%2Fg%2F11tp6kwdrm!19sChIJo6FsK43naC4RvrhiOGhyMVs?authuser=0&hl=id&rclk=1,Tidak
Nasi Goreng Ading,"Nasi Goreng Ading  3,0(1)Pujasera",,,Jl. Lombok No.20Tutup ⋅ Buka pukul 16.00,,https://www.google.comhttps://www.google.com/maps/place/Nasi+Goreng+Ading/data=!4m7!3m6!1s0x2e68e7860d74b7eb:0x944c1ca44d49eeca!8m2!3d-6.9097697!4d107.6188182!16s%2Fg%2F11h5vtkjgn!19sChIJ67d0DYbnaC4Ryu5JTaQcTJQ?authuser=0&hl=id&rclk=1,Tidak
Nargoba Nasi Goreng Barokah,"Nargoba Nasi Goreng Barokah  5,0(2)Nasi Goreng",,,Jl.Merdeka No.69 Kaki Lima SquareTutup ⋅ Buka pukul 10.00,,https://www.google.comhttps://www.google.com/maps/place/Nargoba+Nasi+Goreng+Barokah/data=!4m7!3m6!1s0x2e68e637b7ab0aef:0xa409a52179aa2ba!8m2!3d-6.9089743!4d107.6121848!16s%2Fg%2F11c1pdt0gz!19sChIJ7wqrtzfmaC4RuqKaF1KaQAo?authuser=0&hl=id&rclk=1,Tidak
Nasi Goreng Kristin Chinese Food Halal,"Nasi Goreng Kristin Chinese Food Halal  4,0(9)Nasi Goreng",,,Jl. Gudang Selatan No.98Tutup ⋅ Buka pukul 10.00,,https://www.google.comhttps://www.google.com/maps/place/Nasi+Goreng+Kristin+Chinese+Food+Halal/data=!4m7!3m6!1s0x2e68e7876a4a0a33:0x87f57907527df0fe!8m2!3d-6.9172926!4d107.6206098!16s%2Fg%2F11twp_608l!19sChIJMwpKaofnaC4R_vB9Ugd59Yc?authuser=0&hl=id&rclk=1,Tidak
Nasi Goreng Mas Oji Lodaya,"Nasi Goreng Mas Oji Lodaya  4,7(14)Nasi Goreng",,,"Buku Palasari, Depan pasarTutup ⋅ Buka pukul 17.00",,https://www.google.comhttps://www.google.com/maps/place/Nasi+Goreng+Mas+Oji+Lodaya/data=!4m7!3m6!1s0x2e68e98a5a38db13:0xc539561189e097d8!8m2!3d-6.931599!4d107.6221481!16s%2Fg%2F11v0crmp8m!19sChIJE9s4WorpaC4R2JfgiRFWOcU?authuser=0&hl=id&rclk=1,Tidak
Emak fried rice,"Emak fried rice  5,0(1)Nasi Goreng",,,Jl. Sumatera No.50,,https://www.google.comhttps://www.google.com/maps/place/Emak+fried+rice/data=!4m7!3m6!1s0x2e68e637cf9e34a9:0xda8ddfe614f7562f!8m2!3d-6.9082444!4d107.6121227!16s%2Fg%2F11g8v4vhct!19sChIJqTSezzfmaC4RL1b3FObfjdo?authuser=0&hl=id&rclk=1,Tidak
Nasi Goreng Jumbo Pakde YONO,"Nasi Goreng Jumbo Pakde YONO  4,6(28)Nasi GorengTutup ⋅ Buka pukul 17.00",,,,,https://www.google.comhttps://www.google.com/maps/place/Nasi+Goreng+Jumbo+Pakde+YONO/data=!4m7!3m6!1s0x2e68e674afcdf6c5:0xea65c48175b03d8!8m2!3d-6.9082728!4d107.579411!16s%2Fg%2F11hbc608ts!19sChIJxfbNr3TmaC4R2ANbF0hcpg4?authuser=0&hl=id&rclk=1,Tidak
Nasi Goreng Si Bontot,"Nasi Goreng Si Bontot  4,8(6)Nasi Goreng",,,Jl. Pungkur No.230Tutup ⋅ Buka pukul 18.00,,https://www.google.comhttps://www.google.com/maps/place/Nasi+Goreng+Si+Bontot/data=!4m7!3m6!1s0x2e68e883fc985091:0x7a7d8c8d134bc006!8m2!3d-6.9326761!4d107.6152691!16s%2Fg%2F11c61_5bwv!19sChIJkVCY_IPoaC4RBsBLE42MfXo?authuser=0&hl=id&rclk=1,Tidak
Nasi Goreng Pak Agus,"Nasi Goreng Pak Agus  4,8(46)Nasi Goreng",,,"depan dinas perkebunan, Jl. Surapati No.65-67Tutup ⋅ Buka Sen pukul 18.00",,https://www.google.comhttps://www.google.com/maps/place/Nasi+Goreng+Pak+Agus/data=!4m7!3m6!1s0x2e68e70368cc5963:0xb4759d77bc197e91!8m2!3d-6.898859!4d107.6214681!16s%2Fg%2F11fmlg19n4!19sChIJY1nMaAPnaC4RkX4ZvHeddbQ?authuser=0&hl=id&rclk=1,Tidak
Nasi goreng,Nasi goreng  Tidak ada ulasanNasi Goreng,,,"Samping kampus isbi, Jl. Cijagra",,https://www.google.comhttps://www.google.com/maps/place/Nasi+goreng/data=!4m7!3m6!1s0x2e68e9e1c8343e3d:0xb753cf4f9156b084!8m2!3d-6.9417771!4d107.6282852!16s%2Fg%2F11j94w8wbx!19sChIJPT40yOHpaC4RhLBWkU_PU7c?authuser=0&hl=id&rclk=1,Tidak
Nasi Goreng Mas Bejo,"Nasi Goreng Mas Bejo  4,5(13)Nasi Goreng",,,Jl. Cikutra No.237Tutup ⋅ Buka pukul 18.00,,https://www.google.comhttps://www.google.com/maps/place/Nasi+Goreng+Mas+Bejo/data=!4m7!3m6!1s0x2e68e7a5b10af66d:0x178bd05bf2a9067c!8m2!3d-6.8927556!4d107.6357647!16s%2Fg%2F11byyk12r6!19sChIJbfYKsaXnaC4RfAap8lvQixc?authuser=0&hl=id&rclk=1,Tidak
Nasi Goreng Cendana PHH MUSTOFA,"Nasi Goreng Cendana PHH MUSTOFA  3,6(330)",Jl. Phh. Mustofa No.24Tutup ⋅ Buka pukul 16.00,,$Nasi Goreng,,https://www.google.comhttps://www.google.com/maps/place/Nasi+Goreng+Cendana+PHH+MUSTOFA/data=!4m7!3m6!1s0x2e68e7c993e19f51:0xc9acfba08ed9f719!8m2!3d-6.898025!4d107.6350857!16s%2Fg%2F11c6cwxx1z!19sChIJUZ_hk8nnaC4RGffZjqD7rMk?authuser=0&hl=id&rclk=1,Tidak
Nasi Goreng Gila Mas Broo,"Nasi Goreng Gila Mas Broo  4,8(65)Nasi Goreng",,,Jl. Jend. H. Amir Machmud No.194Segera tutup ⋅ 04.00 ⋅ Buka kembali pukul 17.00,,https://www.google.comhttps://www.google.com/maps/place/Nasi+Goreng+Gila+Mas+Broo/data=!4m7!3m6!1s0x2e68e5ce6358e08d:0x23443b1470eea26e!8m2!3d-6.8948394!4d107.5597398!16s%2Fg%2F11bbyn4_ff!19sChIJjeBYY87laC4RbqLucBQ7RCM?authuser=0&hl=id&rclk=1,Tidak
Nasi Goreng Mang Ade,"Nasi Goreng Mang Ade  5,0(3)Pujasera",,,"3JM3+G63, Jl. Pasar BaratTutup ⋅ Buka pukul 18.00",,https://www.google.comhttps://www.google.com/maps/place/Nasi+Goreng+Mang+Ade/data=!4m7!3m6!1s0x2e68e7c48d95c641:0x12c55f0bf167b20c!8m2!3d-6.9162258!4d107.6030585!16s%2Fg%2F11s5d0nd_4!19sChIJQcaVjcTnaC4RDLJn8QtfxRI?authuser=0&hl=id&rclk=1,Tidak
Djava32,"Djava32  4,6(104)",Jl. Jawa No.32ATutup ⋅ Buka pukul 16.00,,$Nasi Goreng,,https://www.google.comhttps://www.google.com/maps/place/Djava32/data=!4m7!3m6!1s0x2e68e63181b6c295:0x762a9e0ae1cd64a0!8m2!3d-6.9151889!4d107.6149072!16s%2Fg%2F11c6w2fntf!19sChIJlcK2gTHmaC4RoGTN4QqeKnY?authuser=0&hl=id&rclk=1,Tidak
Nasi Goreng Pa Ale,"Nasi Goreng Pa Ale  4,0(15)Nasi Goreng",,,Jl. A. YaniTutup ⋅ Buka pukul 17.00,,https://www.google.comhttps://www.google.com/maps/place/Nasi+Goreng+Pa+Ale/data=!4m7!3m6!1s0x2e68e7952b33d153:0xd1063077b54c9a04!8m2!3d-6.9061023!4d107.6479148!16s%2Fg%2F11f123pp6j!19sChIJU9EzK5XnaC4RBJpMtXcwBtE?authuser=0&hl=id&rclk=1,Tidak
Nasi Goreng Pahlawan,"Nasi Goreng Pahlawan  5,0(3)Nasi Goreng",,,Jl. Pahlawan No.29-45Tutup ⋅ Buka pukul 17.00,,https://www.google.comhttps://www.google.com/maps/place/Nasi+Goreng+Pahlawan/data=!4m7!3m6!1s0x2e68e7a56b4d138b:0x8eb17f965c08e662!8m2!3d-6.8983984!4d107.6337545!16s%2Fg%2F11fs03h0yq!19sChIJixNNa6XnaC4RYuYIXJZ_sY4?authuser=0&hl=id&rclk=1,Tidak
Nasi Goreng Bang Ichi,"Nasi Goreng Bang Ichi  4,5(4)Nasi Goreng",,,Jl. Jalaprang No.57Tutup ⋅ Buka pukul 11.00,,https://www.google.comhttps://www.google.com/maps/place/Nasi+Goreng+Bang+Ichi/data=!4m7!3m6!1s0x2e68e7b7a80ff91f:0xbeaafc12bec1fe89!8m2!3d-6.9055556!4d107.630623!16s%2Fg%2F11c1tv5tg7!19sChIJH_kPqLfnaC4Rif7BvhL8qr4?authuser=0&hl=id&rclk=1,Tidak
GO-FOOD Nasi Goreng Kambing Plus Pete,"GO-FOOD Nasi Goreng Kambing Plus Pete  4,3(4)Nasi Goreng",,,Jl. Gatot Subroto No.44Tutup ⋅ Buka pukul 17.00,,https://www.google.comhttps://www.google.com/maps/place/GO-FOOD+Nasi+Goreng+Kambing+Plus+Pete/data=!4m7!3m6!1s0x2e68e7d496458ac1:0x641f4ed2623a00fb!8m2!3d-6.9234506!4d107.6230261!16s%2Fg%2F11d_dw79w4!19sChIJwYpFltTnaC4R-wA6YtJOH2Q?authuser=0&hl=id&rclk=1,Tidak
